USE [СпортивноеПитание]
GO
/****** Object:  Table [dbo].[Заказы]    Script Date: 19.03.2025 20:46:41 ******/
SET ANSI_NULLS ON
GO
SET QUOTED_IDENTIFIER ON
GO
CREATE TABLE [dbo].[Заказы](
	[ИдЗаказа] [int] IDENTITY(1,1) NOT NULL,
	[ИдКлиента] [int] NULL,
	[ИдСотрудника] [int] NULL,
	[ДатаЗаказа] [datetime] NOT NULL,
	[СуммаЗаказа] [decimal](10, 2) NOT NULL,
	[Статус] [nvarchar](20) NULL,
PRIMARY KEY CLUSTERED 
(
	[ИдЗаказа] ASC
)WITH (PAD_INDEX = OFF, STATISTICS_NORECOMPUTE = OFF, IGNORE_DUP_KEY = OFF, ALLOW_ROW_LOCKS = ON, ALLOW_PAGE_LOCKS = ON, OPTIMIZE_FOR_SEQUENTIAL_KEY = OFF) ON [PRIMARY]
) ON [PRIMARY]
GO
/****** Object:  Table [dbo].[КатегорииТоваров]    Script Date: 19.03.2025 20:46:41 ******/
SET ANSI_NULLS ON
GO
SET QUOTED_IDENTIFIER ON
GO
CREATE TABLE [dbo].[КатегорииТоваров](
	[ИдКатегории] [int] IDENTITY(1,1) NOT NULL,
	[НазваниеКатегории] [nvarchar](100) NOT NULL,
	[Описание] [nvarchar](max) NULL,
PRIMARY KEY CLUSTERED 
(
	[ИдКатегории] ASC
)WITH (PAD_INDEX = OFF, STATISTICS_NORECOMPUTE = OFF, IGNORE_DUP_KEY = OFF, ALLOW_ROW_LOCKS = ON, ALLOW_PAGE_LOCKS = ON, OPTIMIZE_FOR_SEQUENTIAL_KEY = OFF) ON [PRIMARY]
) ON [PRIMARY] TEXTIMAGE_ON [PRIMARY]
GO
/****** Object:  Table [dbo].[Клиенты]    Script Date: 19.03.2025 20:46:41 ******/
SET ANSI_NULLS ON
GO
SET QUOTED_IDENTIFIER ON
GO
CREATE TABLE [dbo].[Клиенты](
	[ИдКлиента] [int] IDENTITY(1,1) NOT NULL,
	[ИдПользователя] [int] NULL,
	[Имя] [nvarchar](50) NOT NULL,
	[Фамилия] [nvarchar](50) NOT NULL,
	[Телефон] [nvarchar](20) NULL,
	[Почта] [nvarchar](100) NULL,
	[ДатаРегистрации] [date] NOT NULL,
PRIMARY KEY CLUSTERED 
(
	[ИдКлиента] ASC
)WITH (PAD_INDEX = OFF, STATISTICS_NORECOMPUTE = OFF, IGNORE_DUP_KEY = OFF, ALLOW_ROW_LOCKS = ON, ALLOW_PAGE_LOCKS = ON, OPTIMIZE_FOR_SEQUENTIAL_KEY = OFF) ON [PRIMARY]
) ON [PRIMARY]
GO
/****** Object:  Table [dbo].[ПозицииЗаказа]    Script Date: 19.03.2025 20:46:41 ******/
SET ANSI_NULLS ON
GO
SET QUOTED_IDENTIFIER ON
GO
CREATE TABLE [dbo].[ПозицииЗаказа](
	[ИдПозиции] [int] IDENTITY(1,1) NOT NULL,
	[ИдЗаказа] [int] NULL,
	[ИдТовара] [int] NULL,
	[Количество] [int] NOT NULL,
	[ЦенаЗаЕдиницу] [decimal](10, 2) NOT NULL,
PRIMARY KEY CLUSTERED 
(
	[ИдПозиции] ASC
)WITH (PAD_INDEX = OFF, STATISTICS_NORECOMPUTE = OFF, IGNORE_DUP_KEY = OFF, ALLOW_ROW_LOCKS = ON, ALLOW_PAGE_LOCKS = ON, OPTIMIZE_FOR_SEQUENTIAL_KEY = OFF) ON [PRIMARY]
) ON [PRIMARY]
GO
/****** Object:  Table [dbo].[Пользователи]    Script Date: 19.03.2025 20:46:41 ******/
SET ANSI_NULLS ON
GO
SET QUOTED_IDENTIFIER ON
GO
CREATE TABLE [dbo].[Пользователи](
	[ИдПользователя] [int] IDENTITY(1,1) NOT NULL,
	[Логин] [nvarchar](50) NOT NULL,
	[ХешПароля] [nvarchar](255) NOT NULL,
	[ТипПользователя] [nvarchar](20) NULL,
	[Активен] [bit] NULL,
PRIMARY KEY CLUSTERED 
(
	[ИдПользователя] ASC
)WITH (PAD_INDEX = OFF, STATISTICS_NORECOMPUTE = OFF, IGNORE_DUP_KEY = OFF, ALLOW_ROW_LOCKS = ON, ALLOW_PAGE_LOCKS = ON, OPTIMIZE_FOR_SEQUENTIAL_KEY = OFF) ON [PRIMARY]
) ON [PRIMARY]
GO
/****** Object:  Table [dbo].[Сотрудники]    Script Date: 19.03.2025 20:46:41 ******/
SET ANSI_NULLS ON
GO
SET QUOTED_IDENTIFIER ON
GO
CREATE TABLE [dbo].[Сотрудники](
	[ИдСотрудника] [int] IDENTITY(1,1) NOT NULL,
	[ИдПользователя] [int] NULL,
	[Имя] [nvarchar](50) NOT NULL,
	[Фамилия] [nvarchar](50) NOT NULL,
	[Должность] [nvarchar](100) NOT NULL,
	[ДатаПриема] [date] NOT NULL,
	[Телефон] [nvarchar](20) NULL,
	[Почта] [nvarchar](100) NULL,
PRIMARY KEY CLUSTERED 
(
	[ИдСотрудника] ASC
)WITH (PAD_INDEX = OFF, STATISTICS_NORECOMPUTE = OFF, IGNORE_DUP_KEY = OFF, ALLOW_ROW_LOCKS = ON, ALLOW_PAGE_LOCKS = ON, OPTIMIZE_FOR_SEQUENTIAL_KEY = OFF) ON [PRIMARY]
) ON [PRIMARY]
GO
/****** Object:  Table [dbo].[Товары]    Script Date: 19.03.2025 20:46:41 ******/
SET ANSI_NULLS ON
GO
SET QUOTED_IDENTIFIER ON
GO
CREATE TABLE [dbo].[Товары](
	[ИдТовара] [int] IDENTITY(1,1) NOT NULL,
	[ИдКатегории] [int] NULL,
	[НазваниеТовара] [nvarchar](200) NOT NULL,
	[Описание] [nvarchar](max) NULL,
	[Цена] [decimal](10, 2) NOT NULL,
	[КоличествоНаСкладе] [int] NOT NULL,
PRIMARY KEY CLUSTERED 
(
	[ИдТовара] ASC
)WITH (PAD_INDEX = OFF, STATISTICS_NORECOMPUTE = OFF, IGNORE_DUP_KEY = OFF, ALLOW_ROW_LOCKS = ON, ALLOW_PAGE_LOCKS = ON, OPTIMIZE_FOR_SEQUENTIAL_KEY = OFF) ON [PRIMARY]
) ON [PRIMARY] TEXTIMAGE_ON [PRIMARY]
GO
SET IDENTITY_INSERT [dbo].[Заказы] ON 
GO
INSERT [dbo].[Заказы] ([ИдЗаказа], [ИдКлиента], [ИдСотрудника], [ДатаЗаказа], [СуммаЗаказа], [Статус]) VALUES (1, 1, 2, CAST(N'2024-10-16T23:11:39.823' AS DateTime), CAST(10600.00 AS Decimal(10, 2)), N'Завершен')
GO
INSERT [dbo].[Заказы] ([ИдЗаказа], [ИдКлиента], [ИдСотрудника], [ДатаЗаказа], [СуммаЗаказа], [Статус]) VALUES (2, 8, 3, CAST(N'2025-02-10T23:11:39.830' AS DateTime), CAST(5350.00 AS Decimal(10, 2)), N'Завершен')
GO
INSERT [dbo].[Заказы] ([ИдЗаказа], [ИдКлиента], [ИдСотрудника], [ДатаЗаказа], [СуммаЗаказа], [Статус]) VALUES (3, 6, 1, CAST(N'2024-03-26T23:11:39.830' AS DateTime), CAST(2900.00 AS Decimal(10, 2)), N'Завершен')
GO
INSERT [dbo].[Заказы] ([ИдЗаказа], [ИдКлиента], [ИдСотрудника], [ДатаЗаказа], [СуммаЗаказа], [Статус]) VALUES (4, 9, 1, CAST(N'2024-11-27T23:11:39.830' AS DateTime), CAST(4700.00 AS Decimal(10, 2)), N'Завершен')
GO
INSERT [dbo].[Заказы] ([ИдЗаказа], [ИдКлиента], [ИдСотрудника], [ДатаЗаказа], [СуммаЗаказа], [Статус]) VALUES (5, 1, 1, CAST(N'2024-11-12T23:11:39.833' AS DateTime), CAST(5400.00 AS Decimal(10, 2)), N'Завершен')
GO
INSERT [dbo].[Заказы] ([ИдЗаказа], [ИдКлиента], [ИдСотрудника], [ДатаЗаказа], [СуммаЗаказа], [Статус]) VALUES (6, 7, 2, CAST(N'2024-08-01T23:11:39.833' AS DateTime), CAST(11700.00 AS Decimal(10, 2)), N'Завершен')
GO
INSERT [dbo].[Заказы] ([ИдЗаказа], [ИдКлиента], [ИдСотрудника], [ДатаЗаказа], [СуммаЗаказа], [Статус]) VALUES (7, 6, 1, CAST(N'2024-12-08T23:11:39.833' AS DateTime), CAST(1800.00 AS Decimal(10, 2)), N'Завершен')
GO
INSERT [dbo].[Заказы] ([ИдЗаказа], [ИдКлиента], [ИдСотрудника], [ДатаЗаказа], [СуммаЗаказа], [Статус]) VALUES (8, 6, 3, CAST(N'2024-11-02T23:11:39.833' AS DateTime), CAST(4200.00 AS Decimal(10, 2)), N'Завершен')
GO
INSERT [dbo].[Заказы] ([ИдЗаказа], [ИдКлиента], [ИдСотрудника], [ДатаЗаказа], [СуммаЗаказа], [Статус]) VALUES (9, 5, 3, CAST(N'2024-12-08T23:11:39.837' AS DateTime), CAST(11700.00 AS Decimal(10, 2)), N'Завершен')
GO
INSERT [dbo].[Заказы] ([ИдЗаказа], [ИдКлиента], [ИдСотрудника], [ДатаЗаказа], [СуммаЗаказа], [Статус]) VALUES (10, 1, 2, CAST(N'2024-09-28T23:11:39.837' AS DateTime), CAST(15600.00 AS Decimal(10, 2)), N'Завершен')
GO
INSERT [dbo].[Заказы] ([ИдЗаказа], [ИдКлиента], [ИдСотрудника], [ДатаЗаказа], [СуммаЗаказа], [Статус]) VALUES (11, 3, 1, CAST(N'2024-11-28T23:11:39.837' AS DateTime), CAST(3750.00 AS Decimal(10, 2)), N'Завершен')
GO
INSERT [dbo].[Заказы] ([ИдЗаказа], [ИдКлиента], [ИдСотрудника], [ДатаЗаказа], [СуммаЗаказа], [Статус]) VALUES (12, 7, 2, CAST(N'2025-01-04T23:11:39.840' AS DateTime), CAST(6150.00 AS Decimal(10, 2)), N'Завершен')
GO
INSERT [dbo].[Заказы] ([ИдЗаказа], [ИдКлиента], [ИдСотрудника], [ДатаЗаказа], [СуммаЗаказа], [Статус]) VALUES (13, 3, 3, CAST(N'2024-09-21T23:11:39.840' AS DateTime), CAST(8000.00 AS Decimal(10, 2)), N'Завершен')
GO
INSERT [dbo].[Заказы] ([ИдЗаказа], [ИдКлиента], [ИдСотрудника], [ДатаЗаказа], [СуммаЗаказа], [Статус]) VALUES (14, 8, 3, CAST(N'2024-12-29T23:11:39.840' AS DateTime), CAST(15200.00 AS Decimal(10, 2)), N'Завершен')
GO
INSERT [dbo].[Заказы] ([ИдЗаказа], [ИдКлиента], [ИдСотрудника], [ДатаЗаказа], [СуммаЗаказа], [Статус]) VALUES (15, 4, 1, CAST(N'2024-12-28T23:11:39.840' AS DateTime), CAST(4500.00 AS Decimal(10, 2)), N'Завершен')
GO
INSERT [dbo].[Заказы] ([ИдЗаказа], [ИдКлиента], [ИдСотрудника], [ДатаЗаказа], [СуммаЗаказа], [Статус]) VALUES (16, 8, 2, CAST(N'2024-11-10T23:11:39.840' AS DateTime), CAST(7000.00 AS Decimal(10, 2)), N'Завершен')
GO
INSERT [dbo].[Заказы] ([ИдЗаказа], [ИдКлиента], [ИдСотрудника], [ДатаЗаказа], [СуммаЗаказа], [Статус]) VALUES (17, 4, 2, CAST(N'2024-03-19T23:11:39.847' AS DateTime), CAST(9300.00 AS Decimal(10, 2)), N'Завершен')
GO
INSERT [dbo].[Заказы] ([ИдЗаказа], [ИдКлиента], [ИдСотрудника], [ДатаЗаказа], [СуммаЗаказа], [Статус]) VALUES (18, 1, 2, CAST(N'2024-07-13T23:11:39.847' AS DateTime), CAST(4900.00 AS Decimal(10, 2)), N'Завершен')
GO
INSERT [dbo].[Заказы] ([ИдЗаказа], [ИдКлиента], [ИдСотрудника], [ДатаЗаказа], [СуммаЗаказа], [Статус]) VALUES (19, 7, 2, CAST(N'2024-04-27T23:11:39.850' AS DateTime), CAST(1500.00 AS Decimal(10, 2)), N'Завершен')
GO
INSERT [dbo].[Заказы] ([ИдЗаказа], [ИдКлиента], [ИдСотрудника], [ДатаЗаказа], [СуммаЗаказа], [Статус]) VALUES (20, 6, 1, CAST(N'2024-06-01T23:11:39.850' AS DateTime), CAST(7500.00 AS Decimal(10, 2)), N'Завершен')
GO
INSERT [dbo].[Заказы] ([ИдЗаказа], [ИдКлиента], [ИдСотрудника], [ДатаЗаказа], [СуммаЗаказа], [Статус]) VALUES (21, 9, 2, CAST(N'2024-09-21T23:11:39.850' AS DateTime), CAST(10250.00 AS Decimal(10, 2)), N'Завершен')
GO
INSERT [dbo].[Заказы] ([ИдЗаказа], [ИдКлиента], [ИдСотрудника], [ДатаЗаказа], [СуммаЗаказа], [Статус]) VALUES (22, 9, 1, CAST(N'2024-06-13T23:11:39.850' AS DateTime), CAST(9500.00 AS Decimal(10, 2)), N'Завершен')
GO
INSERT [dbo].[Заказы] ([ИдЗаказа], [ИдКлиента], [ИдСотрудника], [ДатаЗаказа], [СуммаЗаказа], [Статус]) VALUES (23, 6, 2, CAST(N'2025-01-10T23:11:39.850' AS DateTime), CAST(7250.00 AS Decimal(10, 2)), N'Завершен')
GO
INSERT [dbo].[Заказы] ([ИдЗаказа], [ИдКлиента], [ИдСотрудника], [ДатаЗаказа], [СуммаЗаказа], [Статус]) VALUES (24, 9, 1, CAST(N'2024-10-13T23:11:39.853' AS DateTime), CAST(1800.00 AS Decimal(10, 2)), N'Завершен')
GO
INSERT [dbo].[Заказы] ([ИдЗаказа], [ИдКлиента], [ИдСотрудника], [ДатаЗаказа], [СуммаЗаказа], [Статус]) VALUES (25, 8, 2, CAST(N'2024-04-24T23:11:39.853' AS DateTime), CAST(6400.00 AS Decimal(10, 2)), N'Завершен')
GO
INSERT [dbo].[Заказы] ([ИдЗаказа], [ИдКлиента], [ИдСотрудника], [ДатаЗаказа], [СуммаЗаказа], [Статус]) VALUES (26, 10, 1, CAST(N'2024-07-12T23:11:39.853' AS DateTime), CAST(3600.00 AS Decimal(10, 2)), N'Завершен')
GO
INSERT [dbo].[Заказы] ([ИдЗаказа], [ИдКлиента], [ИдСотрудника], [ДатаЗаказа], [СуммаЗаказа], [Статус]) VALUES (27, 7, 1, CAST(N'2024-03-23T23:11:39.853' AS DateTime), CAST(2500.00 AS Decimal(10, 2)), N'Завершен')
GO
INSERT [dbo].[Заказы] ([ИдЗаказа], [ИдКлиента], [ИдСотрудника], [ДатаЗаказа], [СуммаЗаказа], [Статус]) VALUES (28, 3, 2, CAST(N'2024-10-11T23:11:39.857' AS DateTime), CAST(9600.00 AS Decimal(10, 2)), N'Завершен')
GO
INSERT [dbo].[Заказы] ([ИдЗаказа], [ИдКлиента], [ИдСотрудника], [ДатаЗаказа], [СуммаЗаказа], [Статус]) VALUES (29, 6, 1, CAST(N'2024-07-15T23:11:39.857' AS DateTime), CAST(23100.00 AS Decimal(10, 2)), N'Завершен')
GO
INSERT [dbo].[Заказы] ([ИдЗаказа], [ИдКлиента], [ИдСотрудника], [ДатаЗаказа], [СуммаЗаказа], [Статус]) VALUES (30, 5, 2, CAST(N'2024-08-30T23:11:39.857' AS DateTime), CAST(950.00 AS Decimal(10, 2)), N'Завершен')
GO
INSERT [dbo].[Заказы] ([ИдЗаказа], [ИдКлиента], [ИдСотрудника], [ДатаЗаказа], [СуммаЗаказа], [Статус]) VALUES (31, 4, 3, CAST(N'2024-05-28T23:11:39.860' AS DateTime), CAST(5600.00 AS Decimal(10, 2)), N'Завершен')
GO
INSERT [dbo].[Заказы] ([ИдЗаказа], [ИдКлиента], [ИдСотрудника], [ДатаЗаказа], [СуммаЗаказа], [Статус]) VALUES (32, 4, 2, CAST(N'2024-09-18T23:11:39.860' AS DateTime), CAST(12000.00 AS Decimal(10, 2)), N'Завершен')
GO
INSERT [dbo].[Заказы] ([ИдЗаказа], [ИдКлиента], [ИдСотрудника], [ДатаЗаказа], [СуммаЗаказа], [Статус]) VALUES (33, 2, 3, CAST(N'2024-11-26T23:11:39.860' AS DateTime), CAST(8900.00 AS Decimal(10, 2)), N'Завершен')
GO
INSERT [dbo].[Заказы] ([ИдЗаказа], [ИдКлиента], [ИдСотрудника], [ДатаЗаказа], [СуммаЗаказа], [Статус]) VALUES (34, 3, 3, CAST(N'2024-06-16T23:11:39.860' AS DateTime), CAST(14100.00 AS Decimal(10, 2)), N'Завершен')
GO
INSERT [dbo].[Заказы] ([ИдЗаказа], [ИдКлиента], [ИдСотрудника], [ДатаЗаказа], [СуммаЗаказа], [Статус]) VALUES (35, 6, 3, CAST(N'2025-03-07T23:11:39.863' AS DateTime), CAST(1500.00 AS Decimal(10, 2)), N'Завершен')
GO
INSERT [dbo].[Заказы] ([ИдЗаказа], [ИдКлиента], [ИдСотрудника], [ДатаЗаказа], [СуммаЗаказа], [Статус]) VALUES (36, 9, 1, CAST(N'2024-06-11T23:11:39.863' AS DateTime), CAST(11100.00 AS Decimal(10, 2)), N'Завершен')
GO
INSERT [dbo].[Заказы] ([ИдЗаказа], [ИдКлиента], [ИдСотрудника], [ДатаЗаказа], [СуммаЗаказа], [Статус]) VALUES (37, 2, 3, CAST(N'2024-11-05T23:11:39.883' AS DateTime), CAST(8350.00 AS Decimal(10, 2)), N'Завершен')
GO
INSERT [dbo].[Заказы] ([ИдЗаказа], [ИдКлиента], [ИдСотрудника], [ДатаЗаказа], [СуммаЗаказа], [Статус]) VALUES (38, 4, 1, CAST(N'2024-12-24T23:11:39.883' AS DateTime), CAST(16000.00 AS Decimal(10, 2)), N'Завершен')
GO
INSERT [dbo].[Заказы] ([ИдЗаказа], [ИдКлиента], [ИдСотрудника], [ДатаЗаказа], [СуммаЗаказа], [Статус]) VALUES (39, 7, 1, CAST(N'2024-12-16T23:11:39.883' AS DateTime), CAST(4200.00 AS Decimal(10, 2)), N'Завершен')
GO
INSERT [dbo].[Заказы] ([ИдЗаказа], [ИдКлиента], [ИдСотрудника], [ДатаЗаказа], [СуммаЗаказа], [Статус]) VALUES (40, 10, 2, CAST(N'2024-07-16T23:11:39.887' AS DateTime), CAST(6750.00 AS Decimal(10, 2)), N'Завершен')
GO
INSERT [dbo].[Заказы] ([ИдЗаказа], [ИдКлиента], [ИдСотрудника], [ДатаЗаказа], [СуммаЗаказа], [Статус]) VALUES (41, 10, 1, CAST(N'2024-10-22T23:11:39.887' AS DateTime), CAST(10200.00 AS Decimal(10, 2)), N'Завершен')
GO
INSERT [dbo].[Заказы] ([ИдЗаказа], [ИдКлиента], [ИдСотрудника], [ДатаЗаказа], [СуммаЗаказа], [Статус]) VALUES (42, 1, 1, CAST(N'2024-10-01T23:11:39.887' AS DateTime), CAST(7500.00 AS Decimal(10, 2)), N'Завершен')
GO
INSERT [dbo].[Заказы] ([ИдЗаказа], [ИдКлиента], [ИдСотрудника], [ДатаЗаказа], [СуммаЗаказа], [Статус]) VALUES (43, 10, 1, CAST(N'2024-07-05T23:11:39.887' AS DateTime), CAST(5400.00 AS Decimal(10, 2)), N'Завершен')
GO
INSERT [dbo].[Заказы] ([ИдЗаказа], [ИдКлиента], [ИдСотрудника], [ДатаЗаказа], [СуммаЗаказа], [Статус]) VALUES (44, 10, 2, CAST(N'2024-05-09T23:11:39.890' AS DateTime), CAST(7450.00 AS Decimal(10, 2)), N'Завершен')
GO
INSERT [dbo].[Заказы] ([ИдЗаказа], [ИдКлиента], [ИдСотрудника], [ДатаЗаказа], [СуммаЗаказа], [Статус]) VALUES (45, 7, 3, CAST(N'2024-05-12T23:11:39.890' AS DateTime), CAST(2800.00 AS Decimal(10, 2)), N'Завершен')
GO
INSERT [dbo].[Заказы] ([ИдЗаказа], [ИдКлиента], [ИдСотрудника], [ДатаЗаказа], [СуммаЗаказа], [Статус]) VALUES (46, 9, 1, CAST(N'2024-09-30T23:11:39.890' AS DateTime), CAST(10500.00 AS Decimal(10, 2)), N'Завершен')
GO
INSERT [dbo].[Заказы] ([ИдЗаказа], [ИдКлиента], [ИдСотрудника], [ДатаЗаказа], [СуммаЗаказа], [Статус]) VALUES (47, 7, 1, CAST(N'2024-07-12T23:11:39.890' AS DateTime), CAST(7000.00 AS Decimal(10, 2)), N'Завершен')
GO
INSERT [dbo].[Заказы] ([ИдЗаказа], [ИдКлиента], [ИдСотрудника], [ДатаЗаказа], [СуммаЗаказа], [Статус]) VALUES (48, 8, 1, CAST(N'2024-11-26T23:11:39.890' AS DateTime), CAST(9050.00 AS Decimal(10, 2)), N'Завершен')
GO
INSERT [dbo].[Заказы] ([ИдЗаказа], [ИдКлиента], [ИдСотрудника], [ДатаЗаказа], [СуммаЗаказа], [Статус]) VALUES (49, 8, 3, CAST(N'2024-08-25T23:11:39.927' AS DateTime), CAST(2500.00 AS Decimal(10, 2)), N'Завершен')
GO
INSERT [dbo].[Заказы] ([ИдЗаказа], [ИдКлиента], [ИдСотрудника], [ДатаЗаказа], [СуммаЗаказа], [Статус]) VALUES (50, 1, 3, CAST(N'2024-06-28T23:11:39.927' AS DateTime), CAST(6450.00 AS Decimal(10, 2)), N'Завершен')
GO
INSERT [dbo].[Заказы] ([ИдЗаказа], [ИдКлиента], [ИдСотрудника], [ДатаЗаказа], [СуммаЗаказа], [Статус]) VALUES (51, 7, 2, CAST(N'2024-05-22T23:11:39.927' AS DateTime), CAST(3000.00 AS Decimal(10, 2)), N'Завершен')
GO
INSERT [dbo].[Заказы] ([ИдЗаказа], [ИдКлиента], [ИдСотрудника], [ДатаЗаказа], [СуммаЗаказа], [Статус]) VALUES (52, 1, 1, CAST(N'2024-12-12T23:11:39.930' AS DateTime), CAST(18950.00 AS Decimal(10, 2)), N'Завершен')
GO
INSERT [dbo].[Заказы] ([ИдЗаказа], [ИдКлиента], [ИдСотрудника], [ДатаЗаказа], [СуммаЗаказа], [Статус]) VALUES (53, 7, 3, CAST(N'2025-02-07T23:11:39.930' AS DateTime), CAST(18600.00 AS Decimal(10, 2)), N'Завершен')
GO
INSERT [dbo].[Заказы] ([ИдЗаказа], [ИдКлиента], [ИдСотрудника], [ДатаЗаказа], [СуммаЗаказа], [Статус]) VALUES (54, 10, 1, CAST(N'2025-02-24T23:11:39.930' AS DateTime), CAST(14000.00 AS Decimal(10, 2)), N'Завершен')
GO
INSERT [dbo].[Заказы] ([ИдЗаказа], [ИдКлиента], [ИдСотрудника], [ДатаЗаказа], [СуммаЗаказа], [Статус]) VALUES (55, 2, 3, CAST(N'2024-05-03T23:11:39.930' AS DateTime), CAST(7500.00 AS Decimal(10, 2)), N'Завершен')
GO
INSERT [dbo].[Заказы] ([ИдЗаказа], [ИдКлиента], [ИдСотрудника], [ДатаЗаказа], [СуммаЗаказа], [Статус]) VALUES (56, 9, 3, CAST(N'2025-01-31T23:11:39.933' AS DateTime), CAST(4200.00 AS Decimal(10, 2)), N'Завершен')
GO
INSERT [dbo].[Заказы] ([ИдЗаказа], [ИдКлиента], [ИдСотрудника], [ДатаЗаказа], [СуммаЗаказа], [Статус]) VALUES (57, 4, 2, CAST(N'2024-10-20T23:11:39.933' AS DateTime), CAST(13050.00 AS Decimal(10, 2)), N'Завершен')
GO
INSERT [dbo].[Заказы] ([ИдЗаказа], [ИдКлиента], [ИдСотрудника], [ДатаЗаказа], [СуммаЗаказа], [Статус]) VALUES (58, 10, 3, CAST(N'2024-09-22T23:11:39.933' AS DateTime), CAST(2400.00 AS Decimal(10, 2)), N'Завершен')
GO
INSERT [dbo].[Заказы] ([ИдЗаказа], [ИдКлиента], [ИдСотрудника], [ДатаЗаказа], [СуммаЗаказа], [Статус]) VALUES (59, 5, 3, CAST(N'2024-09-02T23:11:39.933' AS DateTime), CAST(12000.00 AS Decimal(10, 2)), N'Завершен')
GO
INSERT [dbo].[Заказы] ([ИдЗаказа], [ИдКлиента], [ИдСотрудника], [ДатаЗаказа], [СуммаЗаказа], [Статус]) VALUES (60, 9, 2, CAST(N'2024-06-28T23:11:39.933' AS DateTime), CAST(7500.00 AS Decimal(10, 2)), N'Завершен')
GO
INSERT [dbo].[Заказы] ([ИдЗаказа], [ИдКлиента], [ИдСотрудника], [ДатаЗаказа], [СуммаЗаказа], [Статус]) VALUES (61, 2, 1, CAST(N'2024-07-21T23:11:39.957' AS DateTime), CAST(3750.00 AS Decimal(10, 2)), N'Завершен')
GO
INSERT [dbo].[Заказы] ([ИдЗаказа], [ИдКлиента], [ИдСотрудника], [ДатаЗаказа], [СуммаЗаказа], [Статус]) VALUES (62, 6, 2, CAST(N'2024-09-19T23:11:39.957' AS DateTime), CAST(1200.00 AS Decimal(10, 2)), N'Завершен')
GO
INSERT [dbo].[Заказы] ([ИдЗаказа], [ИдКлиента], [ИдСотрудника], [ДатаЗаказа], [СуммаЗаказа], [Статус]) VALUES (63, 10, 3, CAST(N'2024-07-27T23:11:39.957' AS DateTime), CAST(11250.00 AS Decimal(10, 2)), N'Завершен')
GO
INSERT [dbo].[Заказы] ([ИдЗаказа], [ИдКлиента], [ИдСотрудника], [ДатаЗаказа], [СуммаЗаказа], [Статус]) VALUES (64, 8, 3, CAST(N'2024-09-08T23:11:39.957' AS DateTime), CAST(1200.00 AS Decimal(10, 2)), N'Завершен')
GO
INSERT [dbo].[Заказы] ([ИдЗаказа], [ИдКлиента], [ИдСотрудника], [ДатаЗаказа], [СуммаЗаказа], [Статус]) VALUES (65, 8, 1, CAST(N'2024-05-10T23:11:39.960' AS DateTime), CAST(10000.00 AS Decimal(10, 2)), N'Завершен')
GO
INSERT [dbo].[Заказы] ([ИдЗаказа], [ИдКлиента], [ИдСотрудника], [ДатаЗаказа], [СуммаЗаказа], [Статус]) VALUES (66, 8, 2, CAST(N'2024-06-05T23:11:39.960' AS DateTime), CAST(1800.00 AS Decimal(10, 2)), N'Завершен')
GO
INSERT [dbo].[Заказы] ([ИдЗаказа], [ИдКлиента], [ИдСотрудника], [ДатаЗаказа], [СуммаЗаказа], [Статус]) VALUES (67, 9, 3, CAST(N'2024-09-04T23:11:39.960' AS DateTime), CAST(15700.00 AS Decimal(10, 2)), N'Завершен')
GO
INSERT [dbo].[Заказы] ([ИдЗаказа], [ИдКлиента], [ИдСотрудника], [ДатаЗаказа], [СуммаЗаказа], [Статус]) VALUES (68, 10, 2, CAST(N'2024-08-16T23:11:39.960' AS DateTime), CAST(8700.00 AS Decimal(10, 2)), N'Завершен')
GO
INSERT [dbo].[Заказы] ([ИдЗаказа], [ИдКлиента], [ИдСотрудника], [ДатаЗаказа], [СуммаЗаказа], [Статус]) VALUES (69, 2, 2, CAST(N'2024-05-27T23:11:39.960' AS DateTime), CAST(11200.00 AS Decimal(10, 2)), N'Завершен')
GO
INSERT [dbo].[Заказы] ([ИдЗаказа], [ИдКлиента], [ИдСотрудника], [ДатаЗаказа], [СуммаЗаказа], [Статус]) VALUES (70, 1, 3, CAST(N'2024-10-30T23:11:39.963' AS DateTime), CAST(17900.00 AS Decimal(10, 2)), N'Завершен')
GO
INSERT [dbo].[Заказы] ([ИдЗаказа], [ИдКлиента], [ИдСотрудника], [ДатаЗаказа], [СуммаЗаказа], [Статус]) VALUES (71, 3, 2, CAST(N'2025-03-11T23:11:39.963' AS DateTime), CAST(7700.00 AS Decimal(10, 2)), N'Завершен')
GO
INSERT [dbo].[Заказы] ([ИдЗаказа], [ИдКлиента], [ИдСотрудника], [ДатаЗаказа], [СуммаЗаказа], [Статус]) VALUES (72, 6, 1, CAST(N'2024-04-09T23:11:39.967' AS DateTime), CAST(1700.00 AS Decimal(10, 2)), N'Завершен')
GO
INSERT [dbo].[Заказы] ([ИдЗаказа], [ИдКлиента], [ИдСотрудника], [ДатаЗаказа], [СуммаЗаказа], [Статус]) VALUES (73, 4, 3, CAST(N'2024-09-24T23:11:39.967' AS DateTime), CAST(8500.00 AS Decimal(10, 2)), N'Завершен')
GO
INSERT [dbo].[Заказы] ([ИдЗаказа], [ИдКлиента], [ИдСотрудника], [ДатаЗаказа], [СуммаЗаказа], [Статус]) VALUES (74, 8, 3, CAST(N'2025-02-28T23:11:39.987' AS DateTime), CAST(11400.00 AS Decimal(10, 2)), N'Завершен')
GO
INSERT [dbo].[Заказы] ([ИдЗаказа], [ИдКлиента], [ИдСотрудника], [ДатаЗаказа], [СуммаЗаказа], [Статус]) VALUES (75, 8, 3, CAST(N'2024-11-10T23:11:39.990' AS DateTime), CAST(15600.00 AS Decimal(10, 2)), N'Завершен')
GO
INSERT [dbo].[Заказы] ([ИдЗаказа], [ИдКлиента], [ИдСотрудника], [ДатаЗаказа], [СуммаЗаказа], [Статус]) VALUES (76, 6, 1, CAST(N'2024-10-05T23:11:39.990' AS DateTime), CAST(2850.00 AS Decimal(10, 2)), N'Завершен')
GO
INSERT [dbo].[Заказы] ([ИдЗаказа], [ИдКлиента], [ИдСотрудника], [ДатаЗаказа], [СуммаЗаказа], [Статус]) VALUES (77, 1, 1, CAST(N'2024-04-30T23:11:39.990' AS DateTime), CAST(4200.00 AS Decimal(10, 2)), N'Завершен')
GO
INSERT [dbo].[Заказы] ([ИдЗаказа], [ИдКлиента], [ИдСотрудника], [ДатаЗаказа], [СуммаЗаказа], [Статус]) VALUES (78, 8, 3, CAST(N'2024-05-18T23:11:39.990' AS DateTime), CAST(7300.00 AS Decimal(10, 2)), N'Завершен')
GO
INSERT [dbo].[Заказы] ([ИдЗаказа], [ИдКлиента], [ИдСотрудника], [ДатаЗаказа], [СуммаЗаказа], [Статус]) VALUES (79, 4, 1, CAST(N'2024-05-10T23:11:39.990' AS DateTime), CAST(10600.00 AS Decimal(10, 2)), N'Завершен')
GO
INSERT [dbo].[Заказы] ([ИдЗаказа], [ИдКлиента], [ИдСотрудника], [ДатаЗаказа], [СуммаЗаказа], [Статус]) VALUES (80, 4, 2, CAST(N'2024-12-27T23:11:39.993' AS DateTime), CAST(10800.00 AS Decimal(10, 2)), N'Завершен')
GO
INSERT [dbo].[Заказы] ([ИдЗаказа], [ИдКлиента], [ИдСотрудника], [ДатаЗаказа], [СуммаЗаказа], [Статус]) VALUES (81, 7, 2, CAST(N'2024-09-01T23:11:39.993' AS DateTime), CAST(8150.00 AS Decimal(10, 2)), N'Завершен')
GO
INSERT [dbo].[Заказы] ([ИдЗаказа], [ИдКлиента], [ИдСотрудника], [ДатаЗаказа], [СуммаЗаказа], [Статус]) VALUES (82, 8, 1, CAST(N'2024-08-17T23:11:39.993' AS DateTime), CAST(5600.00 AS Decimal(10, 2)), N'Завершен')
GO
INSERT [dbo].[Заказы] ([ИдЗаказа], [ИдКлиента], [ИдСотрудника], [ДатаЗаказа], [СуммаЗаказа], [Статус]) VALUES (83, 8, 1, CAST(N'2024-05-02T23:11:39.997' AS DateTime), CAST(15400.00 AS Decimal(10, 2)), N'Завершен')
GO
INSERT [dbo].[Заказы] ([ИдЗаказа], [ИдКлиента], [ИдСотрудника], [ДатаЗаказа], [СуммаЗаказа], [Статус]) VALUES (84, 5, 2, CAST(N'2024-08-07T23:11:39.997' AS DateTime), CAST(6750.00 AS Decimal(10, 2)), N'Завершен')
GO
INSERT [dbo].[Заказы] ([ИдЗаказа], [ИдКлиента], [ИдСотрудника], [ДатаЗаказа], [СуммаЗаказа], [Статус]) VALUES (85, 4, 2, CAST(N'2024-07-27T23:11:40.017' AS DateTime), CAST(9900.00 AS Decimal(10, 2)), N'Завершен')
GO
INSERT [dbo].[Заказы] ([ИдЗаказа], [ИдКлиента], [ИдСотрудника], [ДатаЗаказа], [СуммаЗаказа], [Статус]) VALUES (86, 1, 2, CAST(N'2024-11-22T23:11:40.020' AS DateTime), CAST(6950.00 AS Decimal(10, 2)), N'Завершен')
GO
INSERT [dbo].[Заказы] ([ИдЗаказа], [ИдКлиента], [ИдСотрудника], [ДатаЗаказа], [СуммаЗаказа], [Статус]) VALUES (87, 6, 1, CAST(N'2024-07-31T23:11:40.020' AS DateTime), CAST(850.00 AS Decimal(10, 2)), N'Завершен')
GO
INSERT [dbo].[Заказы] ([ИдЗаказа], [ИдКлиента], [ИдСотрудника], [ДатаЗаказа], [СуммаЗаказа], [Статус]) VALUES (88, 7, 3, CAST(N'2024-09-17T23:11:40.020' AS DateTime), CAST(13350.00 AS Decimal(10, 2)), N'Завершен')
GO
INSERT [dbo].[Заказы] ([ИдЗаказа], [ИдКлиента], [ИдСотрудника], [ДатаЗаказа], [СуммаЗаказа], [Статус]) VALUES (89, 8, 3, CAST(N'2024-03-25T23:11:40.020' AS DateTime), CAST(11200.00 AS Decimal(10, 2)), N'Завершен')
GO
INSERT [dbo].[Заказы] ([ИдЗаказа], [ИдКлиента], [ИдСотрудника], [ДатаЗаказа], [СуммаЗаказа], [Статус]) VALUES (90, 9, 1, CAST(N'2024-12-02T23:11:40.023' AS DateTime), CAST(950.00 AS Decimal(10, 2)), N'Завершен')
GO
INSERT [dbo].[Заказы] ([ИдЗаказа], [ИдКлиента], [ИдСотрудника], [ДатаЗаказа], [СуммаЗаказа], [Статус]) VALUES (91, 6, 1, CAST(N'2025-02-20T23:11:40.023' AS DateTime), CAST(3500.00 AS Decimal(10, 2)), N'Завершен')
GO
INSERT [dbo].[Заказы] ([ИдЗаказа], [ИдКлиента], [ИдСотрудника], [ДатаЗаказа], [СуммаЗаказа], [Статус]) VALUES (92, 1, 3, CAST(N'2024-08-13T23:11:40.023' AS DateTime), CAST(7800.00 AS Decimal(10, 2)), N'Завершен')
GO
INSERT [dbo].[Заказы] ([ИдЗаказа], [ИдКлиента], [ИдСотрудника], [ДатаЗаказа], [СуммаЗаказа], [Статус]) VALUES (93, 8, 2, CAST(N'2025-02-15T23:11:40.023' AS DateTime), CAST(18300.00 AS Decimal(10, 2)), N'Завершен')
GO
INSERT [dbo].[Заказы] ([ИдЗаказа], [ИдКлиента], [ИдСотрудника], [ДатаЗаказа], [СуммаЗаказа], [Статус]) VALUES (94, 3, 1, CAST(N'2024-11-13T23:11:40.027' AS DateTime), CAST(5200.00 AS Decimal(10, 2)), N'Завершен')
GO
INSERT [dbo].[Заказы] ([ИдЗаказа], [ИдКлиента], [ИдСотрудника], [ДатаЗаказа], [СуммаЗаказа], [Статус]) VALUES (95, 8, 1, CAST(N'2025-02-01T23:11:40.027' AS DateTime), CAST(1800.00 AS Decimal(10, 2)), N'Завершен')
GO
INSERT [dbo].[Заказы] ([ИдЗаказа], [ИдКлиента], [ИдСотрудника], [ДатаЗаказа], [СуммаЗаказа], [Статус]) VALUES (96, 4, 1, CAST(N'2024-10-14T23:11:40.060' AS DateTime), CAST(2500.00 AS Decimal(10, 2)), N'Завершен')
GO
INSERT [dbo].[Заказы] ([ИдЗаказа], [ИдКлиента], [ИдСотрудника], [ДатаЗаказа], [СуммаЗаказа], [Статус]) VALUES (97, 6, 2, CAST(N'2024-07-04T23:11:40.060' AS DateTime), CAST(5450.00 AS Decimal(10, 2)), N'Завершен')
GO
INSERT [dbo].[Заказы] ([ИдЗаказа], [ИдКлиента], [ИдСотрудника], [ДатаЗаказа], [СуммаЗаказа], [Статус]) VALUES (98, 1, 2, CAST(N'2024-06-20T23:11:40.063' AS DateTime), CAST(8500.00 AS Decimal(10, 2)), N'Завершен')
GO
INSERT [dbo].[Заказы] ([ИдЗаказа], [ИдКлиента], [ИдСотрудника], [ДатаЗаказа], [СуммаЗаказа], [Статус]) VALUES (99, 3, 1, CAST(N'2024-09-17T23:11:40.063' AS DateTime), CAST(5400.00 AS Decimal(10, 2)), N'Завершен')
GO
INSERT [dbo].[Заказы] ([ИдЗаказа], [ИдКлиента], [ИдСотрудника], [ДатаЗаказа], [СуммаЗаказа], [Статус]) VALUES (100, 9, 2, CAST(N'2025-03-12T23:11:40.063' AS DateTime), CAST(7000.00 AS Decimal(10, 2)), N'Завершен')
GO
INSERT [dbo].[Заказы] ([ИдЗаказа], [ИдКлиента], [ИдСотрудника], [ДатаЗаказа], [СуммаЗаказа], [Статус]) VALUES (101, 11, 2, CAST(N'2024-10-16T23:11:39.823' AS DateTime), CAST(10600.00 AS Decimal(10, 2)), N'Новый')
GO
INSERT [dbo].[Заказы] ([ИдЗаказа], [ИдКлиента], [ИдСотрудника], [ДатаЗаказа], [СуммаЗаказа], [Статус]) VALUES (102, 8, 2, CAST(N'2024-10-16T23:11:39.823' AS DateTime), CAST(10600.00 AS Decimal(10, 2)), N'Завершен')
GO
SET IDENTITY_INSERT [dbo].[Заказы] OFF
GO
SET IDENTITY_INSERT [dbo].[КатегорииТоваров] ON 
GO
INSERT [dbo].[КатегорииТоваров] ([ИдКатегории], [НазваниеКатегории], [Описание]) VALUES (1, N'Протеин', N'Протеиновые смеси и концентраты')
GO
INSERT [dbo].[КатегорииТоваров] ([ИдКатегории], [НазваниеКатегории], [Описание]) VALUES (2, N'Жиросжигатели', N'Препараты для снижения веса')
GO
INSERT [dbo].[КатегорииТоваров] ([ИдКатегории], [НазваниеКатегории], [Описание]) VALUES (3, N'BCAA', N'Аминокислоты с разветвленными цепями')
GO
INSERT [dbo].[КатегорииТоваров] ([ИдКатегории], [НазваниеКатегории], [Описание]) VALUES (4, N'Витамины', N'Витаминно-минеральные комплексы')
GO
SET IDENTITY_INSERT [dbo].[КатегорииТоваров] OFF
GO
SET IDENTITY_INSERT [dbo].[Клиенты] ON 
GO
INSERT [dbo].[Клиенты] ([ИдКлиента], [ИдПользователя], [Имя], [Фамилия], [Телефон], [Почта], [ДатаРегистрации]) VALUES (1, 4, N'Екатерина', N'Козлова', N'+7(904)555-55-55', N'client4@example.com', CAST(N'2024-07-01' AS Date))
GO
INSERT [dbo].[Клиенты] ([ИдКлиента], [ИдПользователя], [Имя], [Фамилия], [Телефон], [Почта], [ДатаРегистрации]) VALUES (2, 5, N'Дмитрий', N'Волков', N'+7(905)555-55-55', N'client5@example.com', CAST(N'2024-07-01' AS Date))
GO
INSERT [dbo].[Клиенты] ([ИдКлиента], [ИдПользователя], [Имя], [Фамилия], [Телефон], [Почта], [ДатаРегистрации]) VALUES (3, 6, N'Александр', N'Смирнов', N'+7(906)555-55-55', N'client6@example.com', CAST(N'2024-07-01' AS Date))
GO
INSERT [dbo].[Клиенты] ([ИдКлиента], [ИдПользователя], [Имя], [Фамилия], [Телефон], [Почта], [ДатаРегистрации]) VALUES (4, 7, N'Екатерина', N'Козлова', N'+7(907)555-55-55', N'client7@example.com', CAST(N'2024-07-01' AS Date))
GO
INSERT [dbo].[Клиенты] ([ИдКлиента], [ИдПользователя], [Имя], [Фамилия], [Телефон], [Почта], [ДатаРегистрации]) VALUES (5, 8, N'Дмитрий', N'Волков', N'+7(908)555-55-55', N'client8@example.com', CAST(N'2024-07-01' AS Date))
GO
INSERT [dbo].[Клиенты] ([ИдКлиента], [ИдПользователя], [Имя], [Фамилия], [Телефон], [Почта], [ДатаРегистрации]) VALUES (6, 9, N'Александр', N'Смирнов', N'+7(909)555-55-55', N'client9@example.com', CAST(N'2024-07-01' AS Date))
GO
INSERT [dbo].[Клиенты] ([ИдКлиента], [ИдПользователя], [Имя], [Фамилия], [Телефон], [Почта], [ДатаРегистрации]) VALUES (7, 10, N'Екатерина', N'Козлова', N'+7(910)555-55-55', N'client10@example.com', CAST(N'2024-07-01' AS Date))
GO
INSERT [dbo].[Клиенты] ([ИдКлиента], [ИдПользователя], [Имя], [Фамилия], [Телефон], [Почта], [ДатаРегистрации]) VALUES (8, 11, N'Дмитрий', N'Волков', N'+7(911)555-55-55', N'client11@example.com', CAST(N'2024-07-01' AS Date))
GO
INSERT [dbo].[Клиенты] ([ИдКлиента], [ИдПользователя], [Имя], [Фамилия], [Телефон], [Почта], [ДатаРегистрации]) VALUES (9, 12, N'Александр', N'Смирнов', N'+7(912)555-55-55', N'client12@example.com', CAST(N'2024-07-01' AS Date))
GO
INSERT [dbo].[Клиенты] ([ИдКлиента], [ИдПользователя], [Имя], [Фамилия], [Телефон], [Почта], [ДатаРегистрации]) VALUES (10, 13, N'Екатерина', N'Козлова', N'+7(913)555-55-55', N'client13@example.com', CAST(N'2024-07-01' AS Date))
GO
INSERT [dbo].[Клиенты] ([ИдКлиента], [ИдПользователя], [Имя], [Фамилия], [Телефон], [Почта], [ДатаРегистрации]) VALUES (11, 14, N'Проверка', N'Обновления', N'9038856255', N'wpdtf@vk.com', CAST(N'2025-03-19' AS Date))
GO
SET IDENTITY_INSERT [dbo].[Клиенты] OFF
GO
SET IDENTITY_INSERT [dbo].[ПозицииЗаказа] ON 
GO
INSERT [dbo].[ПозицииЗаказа] ([ИдПозиции], [ИдЗаказа], [ИдТовара], [Количество], [ЦенаЗаЕдиницу]) VALUES (1, 1, 1, 2, CAST(2500.00 AS Decimal(10, 2)))
GO
INSERT [dbo].[ПозицииЗаказа] ([ИдПозиции], [ИдЗаказа], [ИдТовара], [Количество], [ЦенаЗаЕдиницу]) VALUES (2, 1, 2, 2, CAST(2800.00 AS Decimal(10, 2)))
GO
INSERT [dbo].[ПозицииЗаказа] ([ИдПозиции], [ИдЗаказа], [ИдТовара], [Количество], [ЦенаЗаЕдиницу]) VALUES (3, 2, 8, 3, CAST(850.00 AS Decimal(10, 2)))
GO
INSERT [dbo].[ПозицииЗаказа] ([ИдПозиции], [ИдЗаказа], [ИдТовара], [Количество], [ЦенаЗаЕдиницу]) VALUES (4, 2, 2, 1, CAST(2800.00 AS Decimal(10, 2)))
GO
INSERT [dbo].[ПозицииЗаказа] ([ИдПозиции], [ИдЗаказа], [ИдТовара], [Количество], [ЦенаЗаЕдиницу]) VALUES (5, 3, 6, 1, CAST(2900.00 AS Decimal(10, 2)))
GO
INSERT [dbo].[ПозицииЗаказа] ([ИдПозиции], [ИдЗаказа], [ИдТовара], [Количество], [ЦенаЗаЕдиницу]) VALUES (6, 4, 7, 2, CAST(950.00 AS Decimal(10, 2)))
GO
INSERT [dbo].[ПозицииЗаказа] ([ИдПозиции], [ИдЗаказа], [ИдТовара], [Количество], [ЦенаЗаЕдиницу]) VALUES (7, 4, 10, 1, CAST(1400.00 AS Decimal(10, 2)))
GO
INSERT [dbo].[ПозицииЗаказа] ([ИдПозиции], [ИдЗаказа], [ИдТовара], [Количество], [ЦенаЗаЕдиницу]) VALUES (8, 4, 10, 1, CAST(1400.00 AS Decimal(10, 2)))
GO
INSERT [dbo].[ПозицииЗаказа] ([ИдПозиции], [ИдЗаказа], [ИдТовара], [Количество], [ЦенаЗаЕдиницу]) VALUES (9, 5, 5, 3, CAST(1800.00 AS Decimal(10, 2)))
GO
INSERT [dbo].[ПозицииЗаказа] ([ИдПозиции], [ИдЗаказа], [ИдТовара], [Количество], [ЦенаЗаЕдиницу]) VALUES (10, 6, 4, 3, CAST(1500.00 AS Decimal(10, 2)))
GO
INSERT [dbo].[ПозицииЗаказа] ([ИдПозиции], [ИдЗаказа], [ИдТовара], [Количество], [ЦенаЗаЕдиницу]) VALUES (11, 6, 10, 3, CAST(1400.00 AS Decimal(10, 2)))
GO
INSERT [dbo].[ПозицииЗаказа] ([ИдПозиции], [ИдЗаказа], [ИдТовара], [Количество], [ЦенаЗаЕдиницу]) VALUES (12, 6, 4, 2, CAST(1500.00 AS Decimal(10, 2)))
GO
INSERT [dbo].[ПозицииЗаказа] ([ИдПозиции], [ИдЗаказа], [ИдТовара], [Количество], [ЦенаЗаЕдиницу]) VALUES (13, 7, 5, 1, CAST(1800.00 AS Decimal(10, 2)))
GO
INSERT [dbo].[ПозицииЗаказа] ([ИдПозиции], [ИдЗаказа], [ИдТовара], [Количество], [ЦенаЗаЕдиницу]) VALUES (14, 8, 10, 3, CAST(1400.00 AS Decimal(10, 2)))
GO
INSERT [dbo].[ПозицииЗаказа] ([ИдПозиции], [ИдЗаказа], [ИдТовара], [Количество], [ЦенаЗаЕдиницу]) VALUES (15, 9, 1, 3, CAST(2500.00 AS Decimal(10, 2)))
GO
INSERT [dbo].[ПозицииЗаказа] ([ИдПозиции], [ИдЗаказа], [ИдТовара], [Количество], [ЦенаЗаЕдиницу]) VALUES (16, 9, 10, 3, CAST(1400.00 AS Decimal(10, 2)))
GO
INSERT [dbo].[ПозицииЗаказа] ([ИдПозиции], [ИдЗаказа], [ИдТовара], [Количество], [ЦенаЗаЕдиницу]) VALUES (17, 10, 6, 3, CAST(2900.00 AS Decimal(10, 2)))
GO
INSERT [dbo].[ПозицииЗаказа] ([ИдПозиции], [ИдЗаказа], [ИдТовара], [Количество], [ЦенаЗаЕдиницу]) VALUES (18, 10, 1, 2, CAST(2500.00 AS Decimal(10, 2)))
GO
INSERT [dbo].[ПозицииЗаказа] ([ИдПозиции], [ИдЗаказа], [ИдТовара], [Количество], [ЦенаЗаЕдиницу]) VALUES (19, 10, 7, 2, CAST(950.00 AS Decimal(10, 2)))
GO
INSERT [dbo].[ПозицииЗаказа] ([ИдПозиции], [ИдЗаказа], [ИдТовара], [Количество], [ЦенаЗаЕдиницу]) VALUES (20, 11, 7, 1, CAST(950.00 AS Decimal(10, 2)))
GO
INSERT [dbo].[ПозицииЗаказа] ([ИдПозиции], [ИдЗаказа], [ИдТовара], [Количество], [ЦенаЗаЕдиницу]) VALUES (21, 11, 10, 2, CAST(1400.00 AS Decimal(10, 2)))
GO
INSERT [dbo].[ПозицииЗаказа] ([ИдПозиции], [ИдЗаказа], [ИдТовара], [Количество], [ЦенаЗаЕдиницу]) VALUES (22, 12, 8, 3, CAST(850.00 AS Decimal(10, 2)))
GO
INSERT [dbo].[ПозицииЗаказа] ([ИдПозиции], [ИдЗаказа], [ИдТовара], [Количество], [ЦенаЗаЕдиницу]) VALUES (23, 12, 5, 2, CAST(1800.00 AS Decimal(10, 2)))
GO
INSERT [dbo].[ПозицииЗаказа] ([ИдПозиции], [ИдЗаказа], [ИдТовара], [Количество], [ЦенаЗаЕдиницу]) VALUES (24, 13, 1, 2, CAST(2500.00 AS Decimal(10, 2)))
GO
INSERT [dbo].[ПозицииЗаказа] ([ИдПозиции], [ИдЗаказа], [ИдТовара], [Количество], [ЦенаЗаЕдиницу]) VALUES (25, 13, 4, 2, CAST(1500.00 AS Decimal(10, 2)))
GO
INSERT [dbo].[ПозицииЗаказа] ([ИдПозиции], [ИдЗаказа], [ИдТовара], [Количество], [ЦенаЗаЕдиницу]) VALUES (26, 14, 2, 3, CAST(2800.00 AS Decimal(10, 2)))
GO
INSERT [dbo].[ПозицииЗаказа] ([ИдПозиции], [ИдЗаказа], [ИдТовара], [Количество], [ЦенаЗаЕдиницу]) VALUES (27, 14, 2, 2, CAST(2800.00 AS Decimal(10, 2)))
GO
INSERT [dbo].[ПозицииЗаказа] ([ИдПозиции], [ИдЗаказа], [ИдТовара], [Количество], [ЦенаЗаЕдиницу]) VALUES (28, 14, 3, 1, CAST(1200.00 AS Decimal(10, 2)))
GO
INSERT [dbo].[ПозицииЗаказа] ([ИдПозиции], [ИдЗаказа], [ИдТовара], [Количество], [ЦенаЗаЕдиницу]) VALUES (29, 15, 4, 3, CAST(1500.00 AS Decimal(10, 2)))
GO
INSERT [dbo].[ПозицииЗаказа] ([ИдПозиции], [ИдЗаказа], [ИдТовара], [Количество], [ЦенаЗаЕдиницу]) VALUES (30, 16, 9, 1, CAST(3500.00 AS Decimal(10, 2)))
GO
INSERT [dbo].[ПозицииЗаказа] ([ИдПозиции], [ИдЗаказа], [ИдТовара], [Количество], [ЦенаЗаЕдиницу]) VALUES (31, 16, 9, 1, CAST(3500.00 AS Decimal(10, 2)))
GO
INSERT [dbo].[ПозицииЗаказа] ([ИдПозиции], [ИдЗаказа], [ИдТовара], [Количество], [ЦенаЗаЕдиницу]) VALUES (32, 17, 2, 1, CAST(2800.00 AS Decimal(10, 2)))
GO
INSERT [dbo].[ПозицииЗаказа] ([ИдПозиции], [ИдЗаказа], [ИдТовара], [Количество], [ЦенаЗаЕдиницу]) VALUES (33, 17, 5, 2, CAST(1800.00 AS Decimal(10, 2)))
GO
INSERT [dbo].[ПозицииЗаказа] ([ИдПозиции], [ИдЗаказа], [ИдТовара], [Количество], [ЦенаЗаЕдиницу]) VALUES (34, 17, 6, 1, CAST(2900.00 AS Decimal(10, 2)))
GO
INSERT [dbo].[ПозицииЗаказа] ([ИдПозиции], [ИдЗаказа], [ИдТовара], [Количество], [ЦенаЗаЕдиницу]) VALUES (35, 18, 4, 1, CAST(1500.00 AS Decimal(10, 2)))
GO
INSERT [dbo].[ПозицииЗаказа] ([ИдПозиции], [ИдЗаказа], [ИдТовара], [Количество], [ЦенаЗаЕдиницу]) VALUES (36, 18, 8, 1, CAST(850.00 AS Decimal(10, 2)))
GO
INSERT [dbo].[ПозицииЗаказа] ([ИдПозиции], [ИдЗаказа], [ИдТовара], [Количество], [ЦенаЗаЕдиницу]) VALUES (37, 18, 8, 3, CAST(850.00 AS Decimal(10, 2)))
GO
INSERT [dbo].[ПозицииЗаказа] ([ИдПозиции], [ИдЗаказа], [ИдТовара], [Количество], [ЦенаЗаЕдиницу]) VALUES (38, 19, 4, 1, CAST(1500.00 AS Decimal(10, 2)))
GO
INSERT [dbo].[ПозицииЗаказа] ([ИдПозиции], [ИдЗаказа], [ИдТовара], [Количество], [ЦенаЗаЕдиницу]) VALUES (39, 20, 1, 3, CAST(2500.00 AS Decimal(10, 2)))
GO
INSERT [dbo].[ПозицииЗаказа] ([ИдПозиции], [ИдЗаказа], [ИдТовара], [Количество], [ЦенаЗаЕдиницу]) VALUES (40, 21, 3, 2, CAST(1200.00 AS Decimal(10, 2)))
GO
INSERT [dbo].[ПозицииЗаказа] ([ИдПозиции], [ИдЗаказа], [ИдТовара], [Количество], [ЦенаЗаЕдиницу]) VALUES (41, 21, 9, 2, CAST(3500.00 AS Decimal(10, 2)))
GO
INSERT [dbo].[ПозицииЗаказа] ([ИдПозиции], [ИдЗаказа], [ИдТовара], [Количество], [ЦенаЗаЕдиницу]) VALUES (42, 21, 8, 1, CAST(850.00 AS Decimal(10, 2)))
GO
INSERT [dbo].[ПозицииЗаказа] ([ИдПозиции], [ИдЗаказа], [ИдТовара], [Количество], [ЦенаЗаЕдиницу]) VALUES (43, 22, 1, 1, CAST(2500.00 AS Decimal(10, 2)))
GO
INSERT [dbo].[ПозицииЗаказа] ([ИдПозиции], [ИдЗаказа], [ИдТовара], [Количество], [ЦенаЗаЕдиницу]) VALUES (44, 22, 9, 1, CAST(3500.00 AS Decimal(10, 2)))
GO
INSERT [dbo].[ПозицииЗаказа] ([ИдПозиции], [ИдЗаказа], [ИдТовара], [Количество], [ЦенаЗаЕдиницу]) VALUES (45, 22, 9, 1, CAST(3500.00 AS Decimal(10, 2)))
GO
INSERT [dbo].[ПозицииЗаказа] ([ИдПозиции], [ИдЗаказа], [ИдТовара], [Количество], [ЦенаЗаЕдиницу]) VALUES (46, 23, 6, 1, CAST(2900.00 AS Decimal(10, 2)))
GO
INSERT [dbo].[ПозицииЗаказа] ([ИдПозиции], [ИдЗаказа], [ИдТовара], [Количество], [ЦенаЗаЕдиницу]) VALUES (47, 23, 4, 1, CAST(1500.00 AS Decimal(10, 2)))
GO
INSERT [dbo].[ПозицииЗаказа] ([ИдПозиции], [ИдЗаказа], [ИдТовара], [Количество], [ЦенаЗаЕдиницу]) VALUES (48, 23, 7, 3, CAST(950.00 AS Decimal(10, 2)))
GO
INSERT [dbo].[ПозицииЗаказа] ([ИдПозиции], [ИдЗаказа], [ИдТовара], [Количество], [ЦенаЗаЕдиницу]) VALUES (49, 24, 5, 1, CAST(1800.00 AS Decimal(10, 2)))
GO
INSERT [dbo].[ПозицииЗаказа] ([ИдПозиции], [ИдЗаказа], [ИдТовара], [Количество], [ЦенаЗаЕдиницу]) VALUES (50, 25, 1, 2, CAST(2500.00 AS Decimal(10, 2)))
GO
INSERT [dbo].[ПозицииЗаказа] ([ИдПозиции], [ИдЗаказа], [ИдТовара], [Количество], [ЦенаЗаЕдиницу]) VALUES (51, 25, 10, 1, CAST(1400.00 AS Decimal(10, 2)))
GO
INSERT [dbo].[ПозицииЗаказа] ([ИдПозиции], [ИдЗаказа], [ИдТовара], [Количество], [ЦенаЗаЕдиницу]) VALUES (52, 26, 5, 2, CAST(1800.00 AS Decimal(10, 2)))
GO
INSERT [dbo].[ПозицииЗаказа] ([ИдПозиции], [ИдЗаказа], [ИдТовара], [Количество], [ЦенаЗаЕдиницу]) VALUES (53, 27, 1, 1, CAST(2500.00 AS Decimal(10, 2)))
GO
INSERT [dbo].[ПозицииЗаказа] ([ИдПозиции], [ИдЗаказа], [ИдТовара], [Количество], [ЦенаЗаЕдиницу]) VALUES (54, 28, 3, 1, CAST(1200.00 AS Decimal(10, 2)))
GO
INSERT [dbo].[ПозицииЗаказа] ([ИдПозиции], [ИдЗаказа], [ИдТовара], [Количество], [ЦенаЗаЕдиницу]) VALUES (55, 28, 2, 3, CAST(2800.00 AS Decimal(10, 2)))
GO
INSERT [dbo].[ПозицииЗаказа] ([ИдПозиции], [ИдЗаказа], [ИдТовара], [Количество], [ЦенаЗаЕдиницу]) VALUES (56, 29, 9, 2, CAST(3500.00 AS Decimal(10, 2)))
GO
INSERT [dbo].[ПозицииЗаказа] ([ИдПозиции], [ИдЗаказа], [ИдТовара], [Количество], [ЦенаЗаЕдиницу]) VALUES (57, 29, 9, 3, CAST(3500.00 AS Decimal(10, 2)))
GO
INSERT [dbo].[ПозицииЗаказа] ([ИдПозиции], [ИдЗаказа], [ИдТовара], [Количество], [ЦенаЗаЕдиницу]) VALUES (58, 29, 2, 2, CAST(2800.00 AS Decimal(10, 2)))
GO
INSERT [dbo].[ПозицииЗаказа] ([ИдПозиции], [ИдЗаказа], [ИдТовара], [Количество], [ЦенаЗаЕдиницу]) VALUES (59, 30, 7, 1, CAST(950.00 AS Decimal(10, 2)))
GO
INSERT [dbo].[ПозицииЗаказа] ([ИдПозиции], [ИдЗаказа], [ИдТовара], [Количество], [ЦенаЗаЕдиницу]) VALUES (60, 31, 2, 2, CAST(2800.00 AS Decimal(10, 2)))
GO
INSERT [dbo].[ПозицииЗаказа] ([ИдПозиции], [ИдЗаказа], [ИдТовара], [Количество], [ЦенаЗаЕдиницу]) VALUES (61, 32, 1, 3, CAST(2500.00 AS Decimal(10, 2)))
GO
INSERT [dbo].[ПозицииЗаказа] ([ИдПозиции], [ИдЗаказа], [ИдТовара], [Количество], [ЦенаЗаЕдиницу]) VALUES (62, 32, 4, 3, CAST(1500.00 AS Decimal(10, 2)))
GO
INSERT [dbo].[ПозицииЗаказа] ([ИдПозиции], [ИдЗаказа], [ИдТовара], [Количество], [ЦенаЗаЕдиницу]) VALUES (63, 33, 4, 3, CAST(1500.00 AS Decimal(10, 2)))
GO
INSERT [dbo].[ПозицииЗаказа] ([ИдПозиции], [ИдЗаказа], [ИдТовара], [Количество], [ЦенаЗаЕдиницу]) VALUES (64, 33, 4, 2, CAST(1500.00 AS Decimal(10, 2)))
GO
INSERT [dbo].[ПозицииЗаказа] ([ИдПозиции], [ИдЗаказа], [ИдТовара], [Количество], [ЦенаЗаЕдиницу]) VALUES (65, 33, 10, 1, CAST(1400.00 AS Decimal(10, 2)))
GO
INSERT [dbo].[ПозицииЗаказа] ([ИдПозиции], [ИдЗаказа], [ИдТовара], [Количество], [ЦенаЗаЕдиницу]) VALUES (66, 34, 9, 3, CAST(3500.00 AS Decimal(10, 2)))
GO
INSERT [dbo].[ПозицииЗаказа] ([ИдПозиции], [ИдЗаказа], [ИдТовара], [Количество], [ЦенаЗаЕдиницу]) VALUES (67, 34, 7, 2, CAST(950.00 AS Decimal(10, 2)))
GO
INSERT [dbo].[ПозицииЗаказа] ([ИдПозиции], [ИдЗаказа], [ИдТовара], [Количество], [ЦенаЗаЕдиницу]) VALUES (68, 34, 8, 2, CAST(850.00 AS Decimal(10, 2)))
GO
INSERT [dbo].[ПозицииЗаказа] ([ИдПозиции], [ИдЗаказа], [ИдТовара], [Количество], [ЦенаЗаЕдиницу]) VALUES (69, 35, 4, 1, CAST(1500.00 AS Decimal(10, 2)))
GO
INSERT [dbo].[ПозицииЗаказа] ([ИдПозиции], [ИдЗаказа], [ИдТовара], [Количество], [ЦенаЗаЕдиницу]) VALUES (70, 36, 3, 2, CAST(1200.00 AS Decimal(10, 2)))
GO
INSERT [dbo].[ПозицииЗаказа] ([ИдПозиции], [ИдЗаказа], [ИдТовара], [Количество], [ЦенаЗаЕдиницу]) VALUES (71, 36, 6, 3, CAST(2900.00 AS Decimal(10, 2)))
GO
INSERT [dbo].[ПозицииЗаказа] ([ИдПозиции], [ИдЗаказа], [ИдТовара], [Количество], [ЦенаЗаЕдиницу]) VALUES (72, 37, 8, 1, CAST(850.00 AS Decimal(10, 2)))
GO
INSERT [dbo].[ПозицииЗаказа] ([ИдПозиции], [ИдЗаказа], [ИдТовара], [Количество], [ЦенаЗаЕдиницу]) VALUES (73, 37, 7, 2, CAST(950.00 AS Decimal(10, 2)))
GO
INSERT [dbo].[ПозицииЗаказа] ([ИдПозиции], [ИдЗаказа], [ИдТовара], [Количество], [ЦенаЗаЕдиницу]) VALUES (74, 37, 2, 2, CAST(2800.00 AS Decimal(10, 2)))
GO
INSERT [dbo].[ПозицииЗаказа] ([ИдПозиции], [ИдЗаказа], [ИдТовара], [Количество], [ЦенаЗаЕдиницу]) VALUES (75, 38, 5, 3, CAST(1800.00 AS Decimal(10, 2)))
GO
INSERT [dbo].[ПозицииЗаказа] ([ИдПозиции], [ИдЗаказа], [ИдТовара], [Количество], [ЦенаЗаЕдиницу]) VALUES (76, 38, 2, 2, CAST(2800.00 AS Decimal(10, 2)))
GO
INSERT [dbo].[ПозицииЗаказа] ([ИдПозиции], [ИдЗаказа], [ИдТовара], [Количество], [ЦенаЗаЕдиницу]) VALUES (77, 38, 1, 2, CAST(2500.00 AS Decimal(10, 2)))
GO
INSERT [dbo].[ПозицииЗаказа] ([ИдПозиции], [ИдЗаказа], [ИдТовара], [Количество], [ЦенаЗаЕдиницу]) VALUES (78, 39, 1, 1, CAST(2500.00 AS Decimal(10, 2)))
GO
INSERT [dbo].[ПозицииЗаказа] ([ИдПозиции], [ИдЗаказа], [ИдТовара], [Количество], [ЦенаЗаЕдиницу]) VALUES (79, 39, 8, 2, CAST(850.00 AS Decimal(10, 2)))
GO
INSERT [dbo].[ПозицииЗаказа] ([ИдПозиции], [ИдЗаказа], [ИдТовара], [Количество], [ЦенаЗаЕдиницу]) VALUES (80, 40, 7, 1, CAST(950.00 AS Decimal(10, 2)))
GO
INSERT [dbo].[ПозицииЗаказа] ([ИдПозиции], [ИдЗаказа], [ИдТовара], [Количество], [ЦенаЗаЕдиницу]) VALUES (81, 40, 6, 2, CAST(2900.00 AS Decimal(10, 2)))
GO
INSERT [dbo].[ПозицииЗаказа] ([ИдПозиции], [ИдЗаказа], [ИдТовара], [Количество], [ЦенаЗаЕдиницу]) VALUES (82, 41, 6, 3, CAST(2900.00 AS Decimal(10, 2)))
GO
INSERT [dbo].[ПозицииЗаказа] ([ИдПозиции], [ИдЗаказа], [ИдТовара], [Количество], [ЦенаЗаЕдиницу]) VALUES (83, 41, 4, 1, CAST(1500.00 AS Decimal(10, 2)))
GO
INSERT [dbo].[ПозицииЗаказа] ([ИдПозиции], [ИдЗаказа], [ИдТовара], [Количество], [ЦенаЗаЕдиницу]) VALUES (84, 42, 4, 3, CAST(1500.00 AS Decimal(10, 2)))
GO
INSERT [dbo].[ПозицииЗаказа] ([ИдПозиции], [ИдЗаказа], [ИдТовара], [Количество], [ЦенаЗаЕдиницу]) VALUES (85, 42, 4, 2, CAST(1500.00 AS Decimal(10, 2)))
GO
INSERT [dbo].[ПозицииЗаказа] ([ИдПозиции], [ИдЗаказа], [ИдТовара], [Количество], [ЦенаЗаЕдиницу]) VALUES (86, 43, 5, 3, CAST(1800.00 AS Decimal(10, 2)))
GO
INSERT [dbo].[ПозицииЗаказа] ([ИдПозиции], [ИдЗаказа], [ИдТовара], [Количество], [ЦенаЗаЕдиницу]) VALUES (87, 44, 7, 3, CAST(950.00 AS Decimal(10, 2)))
GO
INSERT [dbo].[ПозицииЗаказа] ([ИдПозиции], [ИдЗаказа], [ИдТовара], [Количество], [ЦенаЗаЕдиницу]) VALUES (88, 44, 8, 2, CAST(850.00 AS Decimal(10, 2)))
GO
INSERT [dbo].[ПозицииЗаказа] ([ИдПозиции], [ИдЗаказа], [ИдТовара], [Количество], [ЦенаЗаЕдиницу]) VALUES (89, 44, 6, 1, CAST(2900.00 AS Decimal(10, 2)))
GO
INSERT [dbo].[ПозицииЗаказа] ([ИдПозиции], [ИдЗаказа], [ИдТовара], [Количество], [ЦенаЗаЕдиницу]) VALUES (90, 45, 2, 1, CAST(2800.00 AS Decimal(10, 2)))
GO
INSERT [dbo].[ПозицииЗаказа] ([ИдПозиции], [ИдЗаказа], [ИдТовара], [Количество], [ЦенаЗаЕдиницу]) VALUES (91, 46, 6, 2, CAST(2900.00 AS Decimal(10, 2)))
GO
INSERT [dbo].[ПозицииЗаказа] ([ИдПозиции], [ИдЗаказа], [ИдТовара], [Количество], [ЦенаЗаЕдиницу]) VALUES (92, 46, 7, 2, CAST(950.00 AS Decimal(10, 2)))
GO
INSERT [dbo].[ПозицииЗаказа] ([ИдПозиции], [ИдЗаказа], [ИдТовара], [Количество], [ЦенаЗаЕдиницу]) VALUES (93, 46, 2, 1, CAST(2800.00 AS Decimal(10, 2)))
GO
INSERT [dbo].[ПозицииЗаказа] ([ИдПозиции], [ИдЗаказа], [ИдТовара], [Количество], [ЦенаЗаЕдиницу]) VALUES (94, 47, 4, 3, CAST(1500.00 AS Decimal(10, 2)))
GO
INSERT [dbo].[ПозицииЗаказа] ([ИдПозиции], [ИдЗаказа], [ИдТовара], [Количество], [ЦенаЗаЕдиницу]) VALUES (95, 47, 1, 1, CAST(2500.00 AS Decimal(10, 2)))
GO
INSERT [dbo].[ПозицииЗаказа] ([ИдПозиции], [ИдЗаказа], [ИдТовара], [Количество], [ЦенаЗаЕдиницу]) VALUES (96, 48, 1, 2, CAST(2500.00 AS Decimal(10, 2)))
GO
INSERT [dbo].[ПозицииЗаказа] ([ИдПозиции], [ИдЗаказа], [ИдТовара], [Количество], [ЦенаЗаЕдиницу]) VALUES (97, 48, 8, 3, CAST(850.00 AS Decimal(10, 2)))
GO
INSERT [dbo].[ПозицииЗаказа] ([ИдПозиции], [ИдЗаказа], [ИдТовара], [Количество], [ЦенаЗаЕдиницу]) VALUES (98, 48, 4, 1, CAST(1500.00 AS Decimal(10, 2)))
GO
INSERT [dbo].[ПозицииЗаказа] ([ИдПозиции], [ИдЗаказа], [ИдТовара], [Количество], [ЦенаЗаЕдиницу]) VALUES (99, 49, 1, 1, CAST(2500.00 AS Decimal(10, 2)))
GO
INSERT [dbo].[ПозицииЗаказа] ([ИдПозиции], [ИдЗаказа], [ИдТовара], [Количество], [ЦенаЗаЕдиницу]) VALUES (100, 50, 2, 2, CAST(2800.00 AS Decimal(10, 2)))
GO
INSERT [dbo].[ПозицииЗаказа] ([ИдПозиции], [ИдЗаказа], [ИдТовара], [Количество], [ЦенаЗаЕдиницу]) VALUES (101, 50, 8, 1, CAST(850.00 AS Decimal(10, 2)))
GO
INSERT [dbo].[ПозицииЗаказа] ([ИдПозиции], [ИдЗаказа], [ИдТовара], [Количество], [ЦенаЗаЕдиницу]) VALUES (102, 51, 4, 2, CAST(1500.00 AS Decimal(10, 2)))
GO
INSERT [dbo].[ПозицииЗаказа] ([ИдПозиции], [ИдЗаказа], [ИдТовара], [Количество], [ЦенаЗаЕдиницу]) VALUES (103, 52, 7, 1, CAST(950.00 AS Decimal(10, 2)))
GO
INSERT [dbo].[ПозицииЗаказа] ([ИдПозиции], [ИдЗаказа], [ИдТовара], [Количество], [ЦенаЗаЕдиницу]) VALUES (104, 52, 9, 3, CAST(3500.00 AS Decimal(10, 2)))
GO
INSERT [dbo].[ПозицииЗаказа] ([ИдПозиции], [ИдЗаказа], [ИдТовара], [Количество], [ЦенаЗаЕдиницу]) VALUES (105, 52, 1, 3, CAST(2500.00 AS Decimal(10, 2)))
GO
INSERT [dbo].[ПозицииЗаказа] ([ИдПозиции], [ИдЗаказа], [ИдТовара], [Количество], [ЦенаЗаЕдиницу]) VALUES (106, 53, 6, 3, CAST(2900.00 AS Decimal(10, 2)))
GO
INSERT [dbo].[ПозицииЗаказа] ([ИдПозиции], [ИдЗаказа], [ИдТовара], [Количество], [ЦенаЗаЕдиницу]) VALUES (107, 53, 9, 2, CAST(3500.00 AS Decimal(10, 2)))
GO
INSERT [dbo].[ПозицииЗаказа] ([ИдПозиции], [ИдЗаказа], [ИдТовара], [Количество], [ЦенаЗаЕдиницу]) VALUES (108, 53, 6, 1, CAST(2900.00 AS Decimal(10, 2)))
GO
INSERT [dbo].[ПозицииЗаказа] ([ИдПозиции], [ИдЗаказа], [ИдТовара], [Количество], [ЦенаЗаЕдиницу]) VALUES (109, 54, 10, 3, CAST(1400.00 AS Decimal(10, 2)))
GO
INSERT [dbo].[ПозицииЗаказа] ([ИдПозиции], [ИдЗаказа], [ИдТовара], [Количество], [ЦенаЗаЕдиницу]) VALUES (110, 54, 9, 2, CAST(3500.00 AS Decimal(10, 2)))
GO
INSERT [dbo].[ПозицииЗаказа] ([ИдПозиции], [ИдЗаказа], [ИдТовара], [Количество], [ЦенаЗаЕдиницу]) VALUES (111, 54, 10, 2, CAST(1400.00 AS Decimal(10, 2)))
GO
INSERT [dbo].[ПозицииЗаказа] ([ИдПозиции], [ИдЗаказа], [ИдТовара], [Количество], [ЦенаЗаЕдиницу]) VALUES (112, 55, 1, 3, CAST(2500.00 AS Decimal(10, 2)))
GO
INSERT [dbo].[ПозицииЗаказа] ([ИдПозиции], [ИдЗаказа], [ИдТовара], [Количество], [ЦенаЗаЕдиницу]) VALUES (113, 56, 10, 3, CAST(1400.00 AS Decimal(10, 2)))
GO
INSERT [dbo].[ПозицииЗаказа] ([ИдПозиции], [ИдЗаказа], [ИдТовара], [Количество], [ЦенаЗаЕдиницу]) VALUES (114, 57, 9, 3, CAST(3500.00 AS Decimal(10, 2)))
GO
INSERT [dbo].[ПозицииЗаказа] ([ИдПозиции], [ИдЗаказа], [ИдТовара], [Количество], [ЦенаЗаЕдиницу]) VALUES (115, 57, 8, 3, CAST(850.00 AS Decimal(10, 2)))
GO
INSERT [dbo].[ПозицииЗаказа] ([ИдПозиции], [ИдЗаказа], [ИдТовара], [Количество], [ЦенаЗаЕдиницу]) VALUES (116, 58, 3, 2, CAST(1200.00 AS Decimal(10, 2)))
GO
INSERT [dbo].[ПозицииЗаказа] ([ИдПозиции], [ИдЗаказа], [ИдТовара], [Количество], [ЦенаЗаЕдиницу]) VALUES (117, 59, 2, 3, CAST(2800.00 AS Decimal(10, 2)))
GO
INSERT [dbo].[ПозицииЗаказа] ([ИдПозиции], [ИдЗаказа], [ИдТовара], [Количество], [ЦенаЗаЕдиницу]) VALUES (118, 59, 3, 3, CAST(1200.00 AS Decimal(10, 2)))
GO
INSERT [dbo].[ПозицииЗаказа] ([ИдПозиции], [ИдЗаказа], [ИдТовара], [Количество], [ЦенаЗаЕдиницу]) VALUES (119, 60, 6, 2, CAST(2900.00 AS Decimal(10, 2)))
GO
INSERT [dbo].[ПозицииЗаказа] ([ИдПозиции], [ИдЗаказа], [ИдТовара], [Количество], [ЦенаЗаЕдиницу]) VALUES (120, 60, 8, 2, CAST(850.00 AS Decimal(10, 2)))
GO
INSERT [dbo].[ПозицииЗаказа] ([ИдПозиции], [ИдЗаказа], [ИдТовара], [Количество], [ЦенаЗаЕдиницу]) VALUES (121, 61, 3, 1, CAST(1200.00 AS Decimal(10, 2)))
GO
INSERT [dbo].[ПозицииЗаказа] ([ИдПозиции], [ИдЗаказа], [ИдТовара], [Количество], [ЦенаЗаЕдиницу]) VALUES (122, 61, 8, 2, CAST(850.00 AS Decimal(10, 2)))
GO
INSERT [dbo].[ПозицииЗаказа] ([ИдПозиции], [ИдЗаказа], [ИдТовара], [Количество], [ЦенаЗаЕдиницу]) VALUES (123, 61, 8, 1, CAST(850.00 AS Decimal(10, 2)))
GO
INSERT [dbo].[ПозицииЗаказа] ([ИдПозиции], [ИдЗаказа], [ИдТовара], [Количество], [ЦенаЗаЕдиницу]) VALUES (124, 62, 3, 1, CAST(1200.00 AS Decimal(10, 2)))
GO
INSERT [dbo].[ПозицииЗаказа] ([ИдПозиции], [ИдЗаказа], [ИдТовара], [Количество], [ЦенаЗаЕдиницу]) VALUES (125, 63, 6, 3, CAST(2900.00 AS Decimal(10, 2)))
GO
INSERT [dbo].[ПозицииЗаказа] ([ИдПозиции], [ИдЗаказа], [ИдТовара], [Количество], [ЦенаЗаЕдиницу]) VALUES (126, 63, 8, 3, CAST(850.00 AS Decimal(10, 2)))
GO
INSERT [dbo].[ПозицииЗаказа] ([ИдПозиции], [ИдЗаказа], [ИдТовара], [Количество], [ЦенаЗаЕдиницу]) VALUES (127, 64, 3, 1, CAST(1200.00 AS Decimal(10, 2)))
GO
INSERT [dbo].[ПозицииЗаказа] ([ИдПозиции], [ИдЗаказа], [ИдТовара], [Количество], [ЦенаЗаЕдиницу]) VALUES (128, 65, 4, 2, CAST(1500.00 AS Decimal(10, 2)))
GO
INSERT [dbo].[ПозицииЗаказа] ([ИдПозиции], [ИдЗаказа], [ИдТовара], [Количество], [ЦенаЗаЕдиницу]) VALUES (129, 65, 1, 1, CAST(2500.00 AS Decimal(10, 2)))
GO
INSERT [dbo].[ПозицииЗаказа] ([ИдПозиции], [ИдЗаказа], [ИдТовара], [Количество], [ЦенаЗаЕдиницу]) VALUES (130, 65, 4, 3, CAST(1500.00 AS Decimal(10, 2)))
GO
INSERT [dbo].[ПозицииЗаказа] ([ИдПозиции], [ИдЗаказа], [ИдТовара], [Количество], [ЦенаЗаЕдиницу]) VALUES (131, 66, 5, 1, CAST(1800.00 AS Decimal(10, 2)))
GO
INSERT [dbo].[ПозицииЗаказа] ([ИдПозиции], [ИдЗаказа], [ИдТовара], [Количество], [ЦенаЗаЕдиницу]) VALUES (132, 67, 10, 2, CAST(1400.00 AS Decimal(10, 2)))
GO
INSERT [dbo].[ПозицииЗаказа] ([ИдПозиции], [ИдЗаказа], [ИдТовара], [Количество], [ЦенаЗаЕдиницу]) VALUES (133, 67, 6, 3, CAST(2900.00 AS Decimal(10, 2)))
GO
INSERT [dbo].[ПозицииЗаказа] ([ИдПозиции], [ИдЗаказа], [ИдТовара], [Количество], [ЦенаЗаЕдиницу]) VALUES (134, 67, 10, 3, CAST(1400.00 AS Decimal(10, 2)))
GO
INSERT [dbo].[ПозицииЗаказа] ([ИдПозиции], [ИдЗаказа], [ИдТовара], [Количество], [ЦенаЗаЕдиницу]) VALUES (135, 68, 6, 3, CAST(2900.00 AS Decimal(10, 2)))
GO
INSERT [dbo].[ПозицииЗаказа] ([ИдПозиции], [ИдЗаказа], [ИдТовара], [Количество], [ЦенаЗаЕдиницу]) VALUES (136, 69, 1, 1, CAST(2500.00 AS Decimal(10, 2)))
GO
INSERT [dbo].[ПозицииЗаказа] ([ИдПозиции], [ИдЗаказа], [ИдТовара], [Количество], [ЦенаЗаЕдиницу]) VALUES (137, 69, 6, 3, CAST(2900.00 AS Decimal(10, 2)))
GO
INSERT [dbo].[ПозицииЗаказа] ([ИдПозиции], [ИдЗаказа], [ИдТовара], [Количество], [ЦенаЗаЕдиницу]) VALUES (138, 70, 3, 2, CAST(1200.00 AS Decimal(10, 2)))
GO
INSERT [dbo].[ПозицииЗаказа] ([ИдПозиции], [ИдЗаказа], [ИдТовара], [Количество], [ЦенаЗаЕдиницу]) VALUES (139, 70, 9, 3, CAST(3500.00 AS Decimal(10, 2)))
GO
INSERT [dbo].[ПозицииЗаказа] ([ИдПозиции], [ИдЗаказа], [ИдТовара], [Количество], [ЦенаЗаЕдиницу]) VALUES (140, 70, 1, 2, CAST(2500.00 AS Decimal(10, 2)))
GO
INSERT [dbo].[ПозицииЗаказа] ([ИдПозиции], [ИдЗаказа], [ИдТовара], [Количество], [ЦенаЗаЕдиницу]) VALUES (141, 71, 10, 3, CAST(1400.00 AS Decimal(10, 2)))
GO
INSERT [dbo].[ПозицииЗаказа] ([ИдПозиции], [ИдЗаказа], [ИдТовара], [Количество], [ЦенаЗаЕдиницу]) VALUES (142, 71, 9, 1, CAST(3500.00 AS Decimal(10, 2)))
GO
INSERT [dbo].[ПозицииЗаказа] ([ИдПозиции], [ИдЗаказа], [ИдТовара], [Количество], [ЦенаЗаЕдиницу]) VALUES (143, 72, 8, 2, CAST(850.00 AS Decimal(10, 2)))
GO
INSERT [dbo].[ПозицииЗаказа] ([ИдПозиции], [ИдЗаказа], [ИдТовара], [Количество], [ЦенаЗаЕдиницу]) VALUES (144, 73, 1, 2, CAST(2500.00 AS Decimal(10, 2)))
GO
INSERT [dbo].[ПозицииЗаказа] ([ИдПозиции], [ИдЗаказа], [ИдТовара], [Количество], [ЦенаЗаЕдиницу]) VALUES (145, 73, 9, 1, CAST(3500.00 AS Decimal(10, 2)))
GO
INSERT [dbo].[ПозицииЗаказа] ([ИдПозиции], [ИдЗаказа], [ИдТовара], [Количество], [ЦенаЗаЕдиницу]) VALUES (146, 74, 6, 1, CAST(2900.00 AS Decimal(10, 2)))
GO
INSERT [dbo].[ПозицииЗаказа] ([ИдПозиции], [ИдЗаказа], [ИдТовара], [Количество], [ЦенаЗаЕдиницу]) VALUES (147, 74, 9, 1, CAST(3500.00 AS Decimal(10, 2)))
GO
INSERT [dbo].[ПозицииЗаказа] ([ИдПозиции], [ИдЗаказа], [ИдТовара], [Количество], [ЦенаЗаЕдиницу]) VALUES (148, 74, 1, 2, CAST(2500.00 AS Decimal(10, 2)))
GO
INSERT [dbo].[ПозицииЗаказа] ([ИдПозиции], [ИдЗаказа], [ИдТовара], [Количество], [ЦенаЗаЕдиницу]) VALUES (149, 75, 9, 3, CAST(3500.00 AS Decimal(10, 2)))
GO
INSERT [dbo].[ПозицииЗаказа] ([ИдПозиции], [ИдЗаказа], [ИдТовара], [Количество], [ЦенаЗаЕдиницу]) VALUES (150, 75, 4, 1, CAST(1500.00 AS Decimal(10, 2)))
GO
INSERT [dbo].[ПозицииЗаказа] ([ИдПозиции], [ИдЗаказа], [ИдТовара], [Количество], [ЦенаЗаЕдиницу]) VALUES (151, 75, 3, 3, CAST(1200.00 AS Decimal(10, 2)))
GO
INSERT [dbo].[ПозицииЗаказа] ([ИдПозиции], [ИдЗаказа], [ИдТовара], [Количество], [ЦенаЗаЕдиницу]) VALUES (152, 76, 7, 3, CAST(950.00 AS Decimal(10, 2)))
GO
INSERT [dbo].[ПозицииЗаказа] ([ИдПозиции], [ИдЗаказа], [ИдТовара], [Количество], [ЦенаЗаЕдиницу]) VALUES (153, 77, 10, 3, CAST(1400.00 AS Decimal(10, 2)))
GO
INSERT [dbo].[ПозицииЗаказа] ([ИдПозиции], [ИдЗаказа], [ИдТовара], [Количество], [ЦенаЗаЕдиницу]) VALUES (154, 78, 7, 3, CAST(950.00 AS Decimal(10, 2)))
GO
INSERT [dbo].[ПозицииЗаказа] ([ИдПозиции], [ИдЗаказа], [ИдТовара], [Количество], [ЦенаЗаЕдиницу]) VALUES (155, 78, 8, 3, CAST(850.00 AS Decimal(10, 2)))
GO
INSERT [dbo].[ПозицииЗаказа] ([ИдПозиции], [ИдЗаказа], [ИдТовара], [Количество], [ЦенаЗаЕдиницу]) VALUES (156, 78, 7, 2, CAST(950.00 AS Decimal(10, 2)))
GO
INSERT [dbo].[ПозицииЗаказа] ([ИдПозиции], [ИдЗаказа], [ИдТовара], [Количество], [ЦенаЗаЕдиницу]) VALUES (157, 79, 5, 2, CAST(1800.00 AS Decimal(10, 2)))
GO
INSERT [dbo].[ПозицииЗаказа] ([ИдПозиции], [ИдЗаказа], [ИдТовара], [Количество], [ЦенаЗаЕдиницу]) VALUES (158, 79, 9, 2, CAST(3500.00 AS Decimal(10, 2)))
GO
INSERT [dbo].[ПозицииЗаказа] ([ИдПозиции], [ИдЗаказа], [ИдТовара], [Количество], [ЦенаЗаЕдиницу]) VALUES (159, 80, 5, 2, CAST(1800.00 AS Decimal(10, 2)))
GO
INSERT [dbo].[ПозицииЗаказа] ([ИдПозиции], [ИдЗаказа], [ИдТовара], [Количество], [ЦенаЗаЕдиницу]) VALUES (160, 80, 3, 3, CAST(1200.00 AS Decimal(10, 2)))
GO
INSERT [dbo].[ПозицииЗаказа] ([ИдПозиции], [ИдЗаказа], [ИдТовара], [Количество], [ЦенаЗаЕдиницу]) VALUES (161, 80, 3, 3, CAST(1200.00 AS Decimal(10, 2)))
GO
INSERT [dbo].[ПозицииЗаказа] ([ИдПозиции], [ИдЗаказа], [ИдТовара], [Количество], [ЦенаЗаЕдиницу]) VALUES (162, 81, 2, 2, CAST(2800.00 AS Decimal(10, 2)))
GO
INSERT [dbo].[ПозицииЗаказа] ([ИдПозиции], [ИдЗаказа], [ИдТовара], [Количество], [ЦенаЗаЕдиницу]) VALUES (163, 81, 8, 3, CAST(850.00 AS Decimal(10, 2)))
GO
INSERT [dbo].[ПозицииЗаказа] ([ИдПозиции], [ИдЗаказа], [ИдТовара], [Количество], [ЦенаЗаЕдиницу]) VALUES (164, 82, 3, 1, CAST(1200.00 AS Decimal(10, 2)))
GO
INSERT [dbo].[ПозицииЗаказа] ([ИдПозиции], [ИдЗаказа], [ИдТовара], [Количество], [ЦенаЗаЕдиницу]) VALUES (165, 82, 7, 2, CAST(950.00 AS Decimal(10, 2)))
GO
INSERT [dbo].[ПозицииЗаказа] ([ИдПозиции], [ИдЗаказа], [ИдТовара], [Количество], [ЦенаЗаЕдиницу]) VALUES (166, 82, 1, 1, CAST(2500.00 AS Decimal(10, 2)))
GO
INSERT [dbo].[ПозицииЗаказа] ([ИдПозиции], [ИдЗаказа], [ИдТовара], [Количество], [ЦенаЗаЕдиницу]) VALUES (167, 83, 5, 3, CAST(1800.00 AS Decimal(10, 2)))
GO
INSERT [dbo].[ПозицииЗаказа] ([ИдПозиции], [ИдЗаказа], [ИдТовара], [Количество], [ЦенаЗаЕдиницу]) VALUES (168, 83, 6, 2, CAST(2900.00 AS Decimal(10, 2)))
GO
INSERT [dbo].[ПозицииЗаказа] ([ИдПозиции], [ИдЗаказа], [ИдТовара], [Количество], [ЦенаЗаЕдиницу]) VALUES (169, 83, 10, 3, CAST(1400.00 AS Decimal(10, 2)))
GO
INSERT [dbo].[ПозицииЗаказа] ([ИдПозиции], [ИдЗаказа], [ИдТовара], [Количество], [ЦенаЗаЕдиницу]) VALUES (170, 84, 2, 1, CAST(2800.00 AS Decimal(10, 2)))
GO
INSERT [dbo].[ПозицииЗаказа] ([ИдПозиции], [ИдЗаказа], [ИдТовара], [Количество], [ЦенаЗаЕдиницу]) VALUES (171, 84, 4, 2, CAST(1500.00 AS Decimal(10, 2)))
GO
INSERT [dbo].[ПозицииЗаказа] ([ИдПозиции], [ИдЗаказа], [ИдТовара], [Количество], [ЦенаЗаЕдиницу]) VALUES (172, 84, 7, 1, CAST(950.00 AS Decimal(10, 2)))
GO
INSERT [dbo].[ПозицииЗаказа] ([ИдПозиции], [ИдЗаказа], [ИдТовара], [Количество], [ЦенаЗаЕдиницу]) VALUES (173, 85, 1, 2, CAST(2500.00 AS Decimal(10, 2)))
GO
INSERT [dbo].[ПозицииЗаказа] ([ИдПозиции], [ИдЗаказа], [ИдТовара], [Количество], [ЦенаЗаЕдиницу]) VALUES (174, 85, 1, 1, CAST(2500.00 AS Decimal(10, 2)))
GO
INSERT [dbo].[ПозицииЗаказа] ([ИдПозиции], [ИдЗаказа], [ИдТовара], [Количество], [ЦенаЗаЕдиницу]) VALUES (175, 85, 3, 2, CAST(1200.00 AS Decimal(10, 2)))
GO
INSERT [dbo].[ПозицииЗаказа] ([ИдПозиции], [ИдЗаказа], [ИдТовара], [Количество], [ЦенаЗаЕдиницу]) VALUES (176, 86, 5, 2, CAST(1800.00 AS Decimal(10, 2)))
GO
INSERT [dbo].[ПозицииЗаказа] ([ИдПозиции], [ИдЗаказа], [ИдТовара], [Количество], [ЦенаЗаЕдиницу]) VALUES (177, 86, 1, 1, CAST(2500.00 AS Decimal(10, 2)))
GO
INSERT [dbo].[ПозицииЗаказа] ([ИдПозиции], [ИдЗаказа], [ИдТовара], [Количество], [ЦенаЗаЕдиницу]) VALUES (178, 86, 8, 1, CAST(850.00 AS Decimal(10, 2)))
GO
INSERT [dbo].[ПозицииЗаказа] ([ИдПозиции], [ИдЗаказа], [ИдТовара], [Количество], [ЦенаЗаЕдиницу]) VALUES (179, 87, 8, 1, CAST(850.00 AS Decimal(10, 2)))
GO
INSERT [dbo].[ПозицииЗаказа] ([ИдПозиции], [ИдЗаказа], [ИдТовара], [Количество], [ЦенаЗаЕдиницу]) VALUES (180, 88, 9, 3, CAST(3500.00 AS Decimal(10, 2)))
GO
INSERT [dbo].[ПозицииЗаказа] ([ИдПозиции], [ИдЗаказа], [ИдТовара], [Количество], [ЦенаЗаЕдиницу]) VALUES (181, 88, 7, 3, CAST(950.00 AS Decimal(10, 2)))
GO
INSERT [dbo].[ПозицииЗаказа] ([ИдПозиции], [ИдЗаказа], [ИдТовара], [Количество], [ЦенаЗаЕдиницу]) VALUES (182, 89, 9, 2, CAST(3500.00 AS Decimal(10, 2)))
GO
INSERT [dbo].[ПозицииЗаказа] ([ИдПозиции], [ИдЗаказа], [ИдТовара], [Количество], [ЦенаЗаЕдиницу]) VALUES (183, 89, 3, 1, CAST(1200.00 AS Decimal(10, 2)))
GO
INSERT [dbo].[ПозицииЗаказа] ([ИдПозиции], [ИдЗаказа], [ИдТовара], [Количество], [ЦенаЗаЕдиницу]) VALUES (184, 89, 4, 2, CAST(1500.00 AS Decimal(10, 2)))
GO
INSERT [dbo].[ПозицииЗаказа] ([ИдПозиции], [ИдЗаказа], [ИдТовара], [Количество], [ЦенаЗаЕдиницу]) VALUES (185, 90, 7, 1, CAST(950.00 AS Decimal(10, 2)))
GO
INSERT [dbo].[ПозицииЗаказа] ([ИдПозиции], [ИдЗаказа], [ИдТовара], [Количество], [ЦенаЗаЕдиницу]) VALUES (186, 91, 9, 1, CAST(3500.00 AS Decimal(10, 2)))
GO
INSERT [dbo].[ПозицииЗаказа] ([ИдПозиции], [ИдЗаказа], [ИдТовара], [Количество], [ЦенаЗаЕдиницу]) VALUES (187, 92, 5, 1, CAST(1800.00 AS Decimal(10, 2)))
GO
INSERT [dbo].[ПозицииЗаказа] ([ИдПозиции], [ИдЗаказа], [ИдТовара], [Количество], [ЦенаЗаЕдиницу]) VALUES (188, 92, 3, 2, CAST(1200.00 AS Decimal(10, 2)))
GO
INSERT [dbo].[ПозицииЗаказа] ([ИдПозиции], [ИдЗаказа], [ИдТовара], [Количество], [ЦенаЗаЕдиницу]) VALUES (189, 92, 5, 2, CAST(1800.00 AS Decimal(10, 2)))
GO
INSERT [dbo].[ПозицииЗаказа] ([ИдПозиции], [ИдЗаказа], [ИдТовара], [Количество], [ЦенаЗаЕдиницу]) VALUES (190, 93, 2, 3, CAST(2800.00 AS Decimal(10, 2)))
GO
INSERT [dbo].[ПозицииЗаказа] ([ИдПозиции], [ИдЗаказа], [ИдТовара], [Количество], [ЦенаЗаЕдиницу]) VALUES (191, 93, 1, 3, CAST(2500.00 AS Decimal(10, 2)))
GO
INSERT [dbo].[ПозицииЗаказа] ([ИдПозиции], [ИдЗаказа], [ИдТовара], [Количество], [ЦенаЗаЕдиницу]) VALUES (192, 93, 3, 2, CAST(1200.00 AS Decimal(10, 2)))
GO
INSERT [dbo].[ПозицииЗаказа] ([ИдПозиции], [ИдЗаказа], [ИдТовара], [Количество], [ЦенаЗаЕдиницу]) VALUES (193, 94, 3, 2, CAST(1200.00 AS Decimal(10, 2)))
GO
INSERT [dbo].[ПозицииЗаказа] ([ИдПозиции], [ИдЗаказа], [ИдТовара], [Количество], [ЦенаЗаЕдиницу]) VALUES (194, 94, 2, 1, CAST(2800.00 AS Decimal(10, 2)))
GO
INSERT [dbo].[ПозицииЗаказа] ([ИдПозиции], [ИдЗаказа], [ИдТовара], [Количество], [ЦенаЗаЕдиницу]) VALUES (195, 95, 5, 1, CAST(1800.00 AS Decimal(10, 2)))
GO
INSERT [dbo].[ПозицииЗаказа] ([ИдПозиции], [ИдЗаказа], [ИдТовара], [Количество], [ЦенаЗаЕдиницу]) VALUES (196, 96, 1, 1, CAST(2500.00 AS Decimal(10, 2)))
GO
INSERT [dbo].[ПозицииЗаказа] ([ИдПозиции], [ИдЗаказа], [ИдТовара], [Количество], [ЦенаЗаЕдиницу]) VALUES (197, 97, 8, 3, CAST(850.00 AS Decimal(10, 2)))
GO
INSERT [dbo].[ПозицииЗаказа] ([ИдПозиции], [ИдЗаказа], [ИдТовара], [Количество], [ЦенаЗаЕдиницу]) VALUES (198, 97, 6, 1, CAST(2900.00 AS Decimal(10, 2)))
GO
INSERT [dbo].[ПозицииЗаказа] ([ИдПозиции], [ИдЗаказа], [ИдТовара], [Количество], [ЦенаЗаЕдиницу]) VALUES (199, 98, 5, 1, CAST(1800.00 AS Decimal(10, 2)))
GO
INSERT [dbo].[ПозицииЗаказа] ([ИдПозиции], [ИдЗаказа], [ИдТовара], [Количество], [ЦенаЗаЕдиницу]) VALUES (200, 98, 8, 2, CAST(850.00 AS Decimal(10, 2)))
GO
INSERT [dbo].[ПозицииЗаказа] ([ИдПозиции], [ИдЗаказа], [ИдТовара], [Количество], [ЦенаЗаЕдиницу]) VALUES (201, 98, 1, 2, CAST(2500.00 AS Decimal(10, 2)))
GO
INSERT [dbo].[ПозицииЗаказа] ([ИдПозиции], [ИдЗаказа], [ИдТовара], [Количество], [ЦенаЗаЕдиницу]) VALUES (202, 99, 5, 3, CAST(1800.00 AS Decimal(10, 2)))
GO
INSERT [dbo].[ПозицииЗаказа] ([ИдПозиции], [ИдЗаказа], [ИдТовара], [Количество], [ЦенаЗаЕдиницу]) VALUES (203, 100, 9, 2, CAST(3500.00 AS Decimal(10, 2)))
GO
SET IDENTITY_INSERT [dbo].[ПозицииЗаказа] OFF
GO
SET IDENTITY_INSERT [dbo].[Пользователи] ON 
GO
INSERT [dbo].[Пользователи] ([ИдПользователя], [Логин], [ХешПароля], [ТипПользователя], [Активен]) VALUES (1, N'manager1', N'хеш_пароля_1', N'Сотрудник', 1)
GO
INSERT [dbo].[Пользователи] ([ИдПользователя], [Логин], [ХешПароля], [ТипПользователя], [Активен]) VALUES (2, N'manager2', N'хеш_пароля_2', N'Сотрудник', 1)
GO
INSERT [dbo].[Пользователи] ([ИдПользователя], [Логин], [ХешПароля], [ТипПользователя], [Активен]) VALUES (3, N'manager3', N'хеш_пароля_3', N'Сотрудник', 1)
GO
INSERT [dbo].[Пользователи] ([ИдПользователя], [Логин], [ХешПароля], [ТипПользователя], [Активен]) VALUES (4, N'client1', N'хеш_пароля_клиент_1', N'Клиент', 1)
GO
INSERT [dbo].[Пользователи] ([ИдПользователя], [Логин], [ХешПароля], [ТипПользователя], [Активен]) VALUES (5, N'client2', N'хеш_пароля_клиент_2', N'Клиент', 1)
GO
INSERT [dbo].[Пользователи] ([ИдПользователя], [Логин], [ХешПароля], [ТипПользователя], [Активен]) VALUES (6, N'client3', N'хеш_пароля_клиент_3', N'Клиент', 1)
GO
INSERT [dbo].[Пользователи] ([ИдПользователя], [Логин], [ХешПароля], [ТипПользователя], [Активен]) VALUES (7, N'client4', N'хеш_пароля_клиент_4', N'Клиент', 1)
GO
INSERT [dbo].[Пользователи] ([ИдПользователя], [Логин], [ХешПароля], [ТипПользователя], [Активен]) VALUES (8, N'client5', N'хеш_пароля_клиент_5', N'Клиент', 1)
GO
INSERT [dbo].[Пользователи] ([ИдПользователя], [Логин], [ХешПароля], [ТипПользователя], [Активен]) VALUES (9, N'client6', N'хеш_пароля_клиент_6', N'Клиент', 1)
GO
INSERT [dbo].[Пользователи] ([ИдПользователя], [Логин], [ХешПароля], [ТипПользователя], [Активен]) VALUES (10, N'client7', N'хеш_пароля_клиент_7', N'Клиент', 1)
GO
INSERT [dbo].[Пользователи] ([ИдПользователя], [Логин], [ХешПароля], [ТипПользователя], [Активен]) VALUES (11, N'client8', N'хеш_пароля_клиент_8', N'Клиент', 1)
GO
INSERT [dbo].[Пользователи] ([ИдПользователя], [Логин], [ХешПароля], [ТипПользователя], [Активен]) VALUES (12, N'client9', N'хеш_пароля_клиент_9', N'Клиент', 1)
GO
INSERT [dbo].[Пользователи] ([ИдПользователя], [Логин], [ХешПароля], [ТипПользователя], [Активен]) VALUES (13, N'client10', N'хеш_пароля_клиент_10', N'Клиент', 1)
GO
INSERT [dbo].[Пользователи] ([ИдПользователя], [Логин], [ХешПароля], [ТипПользователя], [Активен]) VALUES (14, N'wpdtf@vk.com', N'string', N'Клиент', 1)
GO
INSERT [dbo].[Пользователи] ([ИдПользователя], [Логин], [ХешПароля], [ТипПользователя], [Активен]) VALUES (18, N'чееек', N'string', N'Сотрудник', 1)
GO
SET IDENTITY_INSERT [dbo].[Пользователи] OFF
GO
SET IDENTITY_INSERT [dbo].[Сотрудники] ON 
GO
INSERT [dbo].[Сотрудники] ([ИдСотрудника], [ИдПользователя], [Имя], [Фамилия], [Должность], [ДатаПриема], [Телефон], [Почта]) VALUES (1, 1, N'Иван', N'Петров', N'Менеджер по продажам', CAST(N'2023-01-15' AS Date), N'+7(900)123-45-67', N'ipetrov@example.com')
GO
INSERT [dbo].[Сотрудники] ([ИдСотрудника], [ИдПользователя], [Имя], [Фамилия], [Должность], [ДатаПриема], [Телефон], [Почта]) VALUES (2, 2, N'Мария', N'Сидорова', N'Старший менеджер', CAST(N'2023-02-01' AS Date), N'+7(900)234-56-78', N'msidorova@example.com')
GO
INSERT [dbo].[Сотрудники] ([ИдСотрудника], [ИдПользователя], [Имя], [Фамилия], [Должность], [ДатаПриема], [Телефон], [Почта]) VALUES (3, 3, N'Алексей', N'Иванов', N'Консультант', CAST(N'2023-03-10' AS Date), N'+7(900)345-67-89', N'aivanov@example.com')
GO
INSERT [dbo].[Сотрудники] ([ИдСотрудника], [ИдПользователя], [Имя], [Фамилия], [Должность], [ДатаПриема], [Телефон], [Почта]) VALUES (4, 18, N'Иван', N'Петров', N'Менеджер по продажам', CAST(N'2025-03-19' AS Date), N'+7(900)123-45-67', N'ipetrov@example.com')
GO
SET IDENTITY_INSERT [dbo].[Сотрудники] OFF
GO
SET IDENTITY_INSERT [dbo].[Товары] ON 
GO
INSERT [dbo].[Товары] ([ИдТовара], [ИдКатегории], [НазваниеТовара], [Описание], [Цена], [КоличествоНаСкладе]) VALUES (1, 1, N'Протеин сывороточный 1кг', N'Концентрат сывороточного протеина 80%', CAST(2500.00 AS Decimal(10, 2)), 50)
GO
INSERT [dbo].[Товары] ([ИдТовара], [ИдКатегории], [НазваниеТовара], [Описание], [Цена], [КоличествоНаСкладе]) VALUES (2, 1, N'Казеиновый протеин 1кг', N'Медленный протеин', CAST(2800.00 AS Decimal(10, 2)), 30)
GO
INSERT [dbo].[Товары] ([ИдТовара], [ИдКатегории], [НазваниеТовара], [Описание], [Цена], [КоличествоНаСкладе]) VALUES (3, 2, N'Л-Карнитин 100 капс', N'Жиросжигатель', CAST(1200.00 AS Decimal(10, 2)), 45)
GO
INSERT [dbo].[Товары] ([ИдТовара], [ИдКатегории], [НазваниеТовара], [Описание], [Цена], [КоличествоНаСкладе]) VALUES (4, 2, N'Термодженик комплекс', N'Комплексный жиросжигатель', CAST(1500.00 AS Decimal(10, 2)), 25)
GO
INSERT [dbo].[Товары] ([ИдТовара], [ИдКатегории], [НазваниеТовара], [Описание], [Цена], [КоличествоНаСкладе]) VALUES (5, 3, N'BCAA 2:1:1 200г', N'Аминокислоты для восстановления', CAST(1800.00 AS Decimal(10, 2)), 40)
GO
INSERT [dbo].[Товары] ([ИдТовара], [ИдКатегории], [НазваниеТовара], [Описание], [Цена], [КоличествоНаСкладе]) VALUES (6, 3, N'BCAA Экстра 400г', N'Улучшенная формула BCAA', CAST(2900.00 AS Decimal(10, 2)), 20)
GO
INSERT [dbo].[Товары] ([ИдТовара], [ИдКатегории], [НазваниеТовара], [Описание], [Цена], [КоличествоНаСкладе]) VALUES (7, 4, N'Мультивитамины 90 таб', N'Комплекс витаминов', CAST(950.00 AS Decimal(10, 2)), 60)
GO
INSERT [dbo].[Товары] ([ИдТовара], [ИдКатегории], [НазваниеТовара], [Описание], [Цена], [КоличествоНаСкладе]) VALUES (8, 4, N'Омега-3 100 капс', N'Рыбий жир', CAST(850.00 AS Decimal(10, 2)), 55)
GO
INSERT [dbo].[Товары] ([ИдТовара], [ИдКатегории], [НазваниеТовара], [Описание], [Цена], [КоличествоНаСкладе]) VALUES (9, 1, N'Изолят протеина 900г', N'Изолят сывороточного протеина 90%', CAST(3500.00 AS Decimal(10, 2)), 25)
GO
INSERT [dbo].[Товары] ([ИдТовара], [ИдКатегории], [НазваниеТовара], [Описание], [Цена], [КоличествоНаСкладе]) VALUES (10, 2, N'CLA 90 капс', N'Конъюгированная линолевая кислота', CAST(1400.00 AS Decimal(10, 2)), 35)
GO
SET IDENTITY_INSERT [dbo].[Товары] OFF
GO
SET ANSI_PADDING ON
GO
/****** Object:  Index [UQ__Пользова__BC2217D38F59D180]    Script Date: 19.03.2025 20:46:41 ******/
ALTER TABLE [dbo].[Пользователи] ADD UNIQUE NONCLUSTERED 
(
	[Логин] ASC
)WITH (PAD_INDEX = OFF, STATISTICS_NORECOMPUTE = OFF, SORT_IN_TEMPDB = OFF, IGNORE_DUP_KEY = OFF, ONLINE = OFF, ALLOW_ROW_LOCKS = ON, ALLOW_PAGE_LOCKS = ON, OPTIMIZE_FOR_SEQUENTIAL_KEY = OFF) ON [PRIMARY]
GO
ALTER TABLE [dbo].[Пользователи] ADD  DEFAULT ((1)) FOR [Активен]
GO
ALTER TABLE [dbo].[Товары] ADD  DEFAULT ((0)) FOR [КоличествоНаСкладе]
GO
ALTER TABLE [dbo].[Заказы]  WITH CHECK ADD  CONSTRAINT [FK_Заказы_Клиенты] FOREIGN KEY([ИдКлиента])
REFERENCES [dbo].[Клиенты] ([ИдКлиента])
GO
ALTER TABLE [dbo].[Заказы] CHECK CONSTRAINT [FK_Заказы_Клиенты]
GO
ALTER TABLE [dbo].[Заказы]  WITH CHECK ADD  CONSTRAINT [FK_Заказы_Сотрудники] FOREIGN KEY([ИдСотрудника])
REFERENCES [dbo].[Сотрудники] ([ИдСотрудника])
GO
ALTER TABLE [dbo].[Заказы] CHECK CONSTRAINT [FK_Заказы_Сотрудники]
GO
ALTER TABLE [dbo].[Клиенты]  WITH CHECK ADD  CONSTRAINT [FK_Клиенты_Пользователи] FOREIGN KEY([ИдПользователя])
REFERENCES [dbo].[Пользователи] ([ИдПользователя])
GO
ALTER TABLE [dbo].[Клиенты] CHECK CONSTRAINT [FK_Клиенты_Пользователи]
GO
ALTER TABLE [dbo].[ПозицииЗаказа]  WITH CHECK ADD  CONSTRAINT [FK_ПозицииЗаказа_Заказы] FOREIGN KEY([ИдЗаказа])
REFERENCES [dbo].[Заказы] ([ИдЗаказа])
GO
ALTER TABLE [dbo].[ПозицииЗаказа] CHECK CONSTRAINT [FK_ПозицииЗаказа_Заказы]
GO
ALTER TABLE [dbo].[ПозицииЗаказа]  WITH CHECK ADD  CONSTRAINT [FK_ПозицииЗаказа_Товары] FOREIGN KEY([ИдТовара])
REFERENCES [dbo].[Товары] ([ИдТовара])
GO
ALTER TABLE [dbo].[ПозицииЗаказа] CHECK CONSTRAINT [FK_ПозицииЗаказа_Товары]
GO
ALTER TABLE [dbo].[Сотрудники]  WITH CHECK ADD  CONSTRAINT [FK_Сотрудники_Пользователи] FOREIGN KEY([ИдПользователя])
REFERENCES [dbo].[Пользователи] ([ИдПользователя])
GO
ALTER TABLE [dbo].[Сотрудники] CHECK CONSTRAINT [FK_Сотрудники_Пользователи]
GO
ALTER TABLE [dbo].[Товары]  WITH CHECK ADD  CONSTRAINT [FK_Товары_Категории] FOREIGN KEY([ИдКатегории])
REFERENCES [dbo].[КатегорииТоваров] ([ИдКатегории])
GO
ALTER TABLE [dbo].[Товары] CHECK CONSTRAINT [FK_Товары_Категории]
GO
ALTER TABLE [dbo].[Заказы]  WITH CHECK ADD CHECK  (([Статус]='Отменен' OR [Статус]='Завершен' OR [Статус]='ВОбработке' OR [Статус]='Новый'))
GO
ALTER TABLE [dbo].[Пользователи]  WITH CHECK ADD CHECK  (([ТипПользователя]='Сотрудник' OR [ТипПользователя]='Клиент'))
GO
/****** Object:  StoredProcedure [dbo].[ПроцедураАвторизации]    Script Date: 19.03.2025 20:46:41 ******/
SET ANSI_NULLS ON
GO
SET QUOTED_IDENTIFIER ON
GO
CREATE PROCEDURE [dbo].[ПроцедураАвторизации]
    @Логин NVARCHAR(50),
    @ХешПароля NVARCHAR(100)
AS
BEGIN
    -- Проверяем клиента
    IF EXISTS (
        SELECT 1 
        FROM Клиенты к
        JOIN Пользователи п ON к.ИдПользователя = п.ИдПользователя
        WHERE п.Логин = @Логин AND п.ХешПароля = @ХешПароля
    )
    BEGIN
        SELECT 'Client' AS UserType, к.ИдКлиента AS Id
        FROM Клиенты к
        JOIN Пользователи п ON к.ИдПользователя = п.ИдПользователя
        WHERE п.Логин = @Логин AND п.ХешПароля = @ХешПароля
    END
    -- Проверяем сотрудника
    ELSE IF EXISTS (
        SELECT 1 
        FROM Сотрудники с
        JOIN Пользователи п ON с.ИдПользователя = п.ИдПользователя
        WHERE п.Логин = @Логин AND п.ХешПароля = @ХешПароля
    )
    BEGIN
        SELECT 'Employee' AS UserType, с.ИдСотрудника AS Id
        FROM Сотрудники с
        JOIN Пользователи п ON с.ИдПользователя = п.ИдПользователя
        WHERE п.Логин = @Логин AND п.ХешПароля = @ХешПароля
    END
    ELSE
    BEGIN
        SELECT NULL AS UserType, NULL AS Id
    END
END
GO
/****** Object:  StoredProcedure [dbo].[ПроцедураДобавленияПозицииЗаказа]    Script Date: 19.03.2025 20:46:41 ******/
SET ANSI_NULLS ON
GO
SET QUOTED_IDENTIFIER ON
GO

-- Обновление процедуры добавления позиции заказа
CREATE   PROCEDURE [dbo].[ПроцедураДобавленияПозицииЗаказа]
    @ИдЗаказа INT,
    @ИдТовара INT,
    @Количество INT,
    @ЦенаЗаЕдиницу DECIMAL(10,2)
AS
BEGIN
    INSERT INTO ПозицииЗаказа (ИдЗаказа, ИдТовара, Количество, ЦенаЗаЕдиницу)
    VALUES (@ИдЗаказа, @ИдТовара, @Количество, @ЦенаЗаЕдиницу);
    
    SELECT 
        пз.ИдПозиции AS Id,
        пз.ИдЗаказа AS OrderId,
        пз.ИдТовара AS ProductId,
        пз.Количество AS Quantity,
        пз.ЦенаЗаЕдиницу AS UnitPrice
    FROM ПозицииЗаказа пз
    WHERE пз.ИдПозиции = SCOPE_IDENTITY();
END;
GO
/****** Object:  StoredProcedure [dbo].[ПроцедураДобавленияТовара]    Script Date: 19.03.2025 20:46:41 ******/
SET ANSI_NULLS ON
GO
SET QUOTED_IDENTIFIER ON
GO

CREATE PROCEDURE [dbo].[ПроцедураДобавленияТовара]
    @ИдКатегории INT,
    @НазваниеТовара NVARCHAR(200),
    @Описание NVARCHAR(MAX),
    @Цена DECIMAL(10,2),
    @КоличествоНаСкладе INT
AS
BEGIN
    INSERT INTO Товары (ИдКатегории, НазваниеТовара, Описание, Цена, КоличествоНаСкладе)
    VALUES (@ИдКатегории, @НазваниеТовара, @Описание, @Цена, @КоличествоНаСкладе);
END;
GO
/****** Object:  StoredProcedure [dbo].[ПроцедураИзмененияСтатусаЗаказа]    Script Date: 19.03.2025 20:46:41 ******/
SET ANSI_NULLS ON
GO
SET QUOTED_IDENTIFIER ON
GO

CREATE PROCEDURE [dbo].[ПроцедураИзмененияСтатусаЗаказа]
    @ИдЗаказа INT,
    @НовыйСтатус NVARCHAR(20)
AS
        BEGIN
    UPDATE Заказы
    SET Статус = @НовыйСтатус
    WHERE ИдЗаказа = @ИдЗаказа;
END;
GO
/****** Object:  StoredProcedure [dbo].[ПроцедураИсторииЗаказовКлиента]    Script Date: 19.03.2025 20:46:41 ******/
SET ANSI_NULLS ON
GO
SET QUOTED_IDENTIFIER ON
GO

-- Процедура истории заказов клиента
CREATE   PROCEDURE [dbo].[ПроцедураИсторииЗаказовКлиента]
    @ИдКлиента INT
AS
BEGIN
    SELECT 
        з.ИдЗаказа AS OrderId,
        з.ДатаЗаказа AS OrderDate,
        з.СуммаЗаказа AS TotalAmount,
        CASE з.Статус
            WHEN 'Новый' THEN 0
            WHEN 'ВОбработке' THEN 1
            WHEN 'Завершен' THEN 2
            WHEN 'Отменен' THEN 3
        END AS Status,
        COUNT(пз.ИдПозиции) AS ItemsCount
    FROM Заказы з
    LEFT JOIN ПозицииЗаказа пз ON пз.ИдЗаказа = з.ИдЗаказа
    WHERE з.ИдКлиента = @ИдКлиента
    GROUP BY з.ИдЗаказа, з.ДатаЗаказа, з.СуммаЗаказа, з.Статус
    ORDER BY з.ДатаЗаказа DESC;
END;
GO
/****** Object:  StoredProcedure [dbo].[ПроцедураОбновленияДанныхКлиента]    Script Date: 19.03.2025 20:46:41 ******/
SET ANSI_NULLS ON
GO
SET QUOTED_IDENTIFIER ON
GO

-- =============================================
-- Управление данными клиентов и сотрудников
-- =============================================

CREATE PROCEDURE [dbo].[ПроцедураОбновленияДанныхКлиента]
    @ИдКлиента INT,
    @Имя NVARCHAR(50),
    @Фамилия NVARCHAR(50),
    @Телефон NVARCHAR(20),
    @Почта NVARCHAR(100)
AS
BEGIN
    UPDATE Клиенты
    SET Имя = @Имя,
        Фамилия = @Фамилия,
        Телефон = @Телефон,
        Почта = @Почта
    WHERE ИдКлиента = @ИдКлиента;
END;
GO
/****** Object:  StoredProcedure [dbo].[ПроцедураОбновленияДанныхСотрудника]    Script Date: 19.03.2025 20:46:41 ******/
SET ANSI_NULLS ON
GO
SET QUOTED_IDENTIFIER ON
GO

CREATE PROCEDURE [dbo].[ПроцедураОбновленияДанныхСотрудника]
    @ИдСотрудника INT,
    @Имя NVARCHAR(50),
    @Фамилия NVARCHAR(50),
    @Должность NVARCHAR(100),
    @Телефон NVARCHAR(20),
    @Почта NVARCHAR(100)
AS
BEGIN
    UPDATE Сотрудники
    SET Имя = @Имя,
        Фамилия = @Фамилия,
        Должность = @Должность,
        Телефон = @Телефон,
        Почта = @Почта
    WHERE ИдСотрудника = @ИдСотрудника;
END;
GO
/****** Object:  StoredProcedure [dbo].[ПроцедураОбновленияКлиента]    Script Date: 19.03.2025 20:46:41 ******/
SET ANSI_NULLS ON
GO
SET QUOTED_IDENTIFIER ON
GO

-- Обновление процедуры обновления клиента
CREATE PROCEDURE [dbo].[ПроцедураОбновленияКлиента]
    @ИдКлиента INT,
    @Имя NVARCHAR(50),
    @Фамилия NVARCHAR(50),
    @Телефон NVARCHAR(20),
    @Почта NVARCHAR(100)
AS
BEGIN
    BEGIN TRANSACTION;
    BEGIN TRY
        DECLARE @ИдПользователя INT;
        SELECT @ИдПользователя = ИдПользователя FROM Клиенты WHERE ИдКлиента = @ИдКлиента;

        UPDATE Клиенты
        SET 
            Имя = @Имя,
            Фамилия = @Фамилия,
            Телефон = @Телефон,
            Почта = @Почта
        WHERE ИдКлиента = @ИдКлиента;

        UPDATE Пользователи
        SET Логин = @Почта
        WHERE ИдПользователя = @ИдПользователя;

        COMMIT;
    END TRY
    BEGIN CATCH
        ROLLBACK;
        THROW;
    END CATCH
END;
GO
/****** Object:  StoredProcedure [dbo].[ПроцедураОбновленияКоличестваТовара]    Script Date: 19.03.2025 20:46:41 ******/
SET ANSI_NULLS ON
GO
SET QUOTED_IDENTIFIER ON
GO

-- Обновление процедуры обновления количества товара
CREATE PROCEDURE [dbo].[ПроцедураОбновленияКоличестваТовара]
    @ИдТовара INT,
    @Количество INT
AS
BEGIN
    UPDATE Товары
    SET КоличествоНаСкладе = @Количество
    WHERE ИдТовара = @ИдТовара;
END;
GO
/****** Object:  StoredProcedure [dbo].[ПроцедураОбновленияПозицииЗаказа]    Script Date: 19.03.2025 20:46:41 ******/
SET ANSI_NULLS ON
GO
SET QUOTED_IDENTIFIER ON
GO

-- Обновление процедуры обновления позиции заказа для соответствия с репозиторием
CREATE PROCEDURE [dbo].[ПроцедураОбновленияПозицииЗаказа]
    @ИдПозиции INT,
    @Количество INT,
    @ЦенаЗаЕдиницу DECIMAL(10,2)
AS
BEGIN
    UPDATE ПозицииЗаказа
    SET 
        Количество = @Количество,
        ЦенаЗаЕдиницу = @ЦенаЗаЕдиницу
    WHERE ИдПозиции = @ИдПозиции;
END;
GO
/****** Object:  StoredProcedure [dbo].[ПроцедураОбновленияСотрудника]    Script Date: 19.03.2025 20:46:41 ******/
SET ANSI_NULLS ON
GO
SET QUOTED_IDENTIFIER ON
GO

-- Процедура обновления данных сотрудника
CREATE PROCEDURE [dbo].[ПроцедураОбновленияСотрудника]
    @ИдСотрудника INT,
    @Имя NVARCHAR(50),
    @Фамилия NVARCHAR(50),
    @Телефон NVARCHAR(20),
    @Почта NVARCHAR(100),
    @Должность NVARCHAR(100)
AS
BEGIN
    BEGIN TRANSACTION;
    BEGIN TRY
        DECLARE @ИдПользователя INT;
        SELECT @ИдПользователя = ИдПользователя FROM Сотрудники WHERE ИдСотрудника = @ИдСотрудника;

        UPDATE Сотрудники
        SET 
            Имя = @Имя,
            Фамилия = @Фамилия,
            Должность = @Должность,
            Телефон = @Телефон,
            Почта = @Почта
        WHERE ИдСотрудника = @ИдСотрудника;

        UPDATE Пользователи
        SET Логин = @Почта
        WHERE ИдПользователя = @ИдПользователя;

        COMMIT;
    END TRY
    BEGIN CATCH
        ROLLBACK;
        THROW;
    END CATCH
END;
GO
/****** Object:  StoredProcedure [dbo].[ПроцедураОбновленияСтатусаЗаказа]    Script Date: 19.03.2025 20:46:41 ******/
SET ANSI_NULLS ON
GO
SET QUOTED_IDENTIFIER ON
GO

-- Процедура обновления статуса заказа
CREATE   PROCEDURE [dbo].[ПроцедураОбновленияСтатусаЗаказа]
    @ИдЗаказа INT,
    @Статус INT
AS
BEGIN
    DECLARE @СтатусТекст NVARCHAR(20);
    
    SET @СтатусТекст = CASE @Статус
        WHEN 0 THEN 'Новый'
        WHEN 1 THEN 'ВОбработке'
        WHEN 2 THEN 'Завершен'
        WHEN 3 THEN 'Отменен'
    END;
    
    UPDATE Заказы
    SET Статус = @СтатусТекст
    WHERE ИдЗаказа = @ИдЗаказа;
END;
GO
/****** Object:  StoredProcedure [dbo].[ПроцедураОбновленияТовара]    Script Date: 19.03.2025 20:46:41 ******/
SET ANSI_NULLS ON
GO
SET QUOTED_IDENTIFIER ON
GO

-- Обновление процедуры обновления товара
CREATE PROCEDURE [dbo].[ПроцедураОбновленияТовара]
    @ИдТовара INT,
    @НазваниеТовара NVARCHAR(200),
    @Описание NVARCHAR(MAX),
    @Цена DECIMAL(10,2),
    @КоличествоНаСкладе INT,
    @ИдКатегории INT
AS
BEGIN
    UPDATE Товары
    SET 
        НазваниеТовара = @НазваниеТовара,
        Описание = @Описание,
        Цена = @Цена,
        КоличествоНаСкладе = @КоличествоНаСкладе,
        ИдКатегории = @ИдКатегории
    WHERE ИдТовара = @ИдТовара;
END;
GO
/****** Object:  StoredProcedure [dbo].[ПроцедураОтчетаПоПопулярностиТоваров]    Script Date: 19.03.2025 20:46:41 ******/
SET ANSI_NULLS ON
GO
SET QUOTED_IDENTIFIER ON
GO

-- Процедура отчета по популярности товаров
CREATE   PROCEDURE [dbo].[ПроцедураОтчетаПоПопулярностиТоваров]
    @ДатаНачала DATETIME,
    @ДатаКонца DATETIME
AS
BEGIN
    SELECT 
        т.ИдТовара AS ProductId,
        т.НазваниеТовара AS ProductName,
        SUM(пз.Количество) AS TotalQuantitySold,
        SUM(пз.Количество * пз.ЦенаЗаЕдиницу) AS TotalRevenue
    FROM Товары т
    JOIN ПозицииЗаказа пз ON пз.ИдТовара = т.ИдТовара
    JOIN Заказы з ON з.ИдЗаказа = пз.ИдЗаказа
    WHERE з.ДатаЗаказа BETWEEN @ДатаНачала AND @ДатаКонца
    GROUP BY т.ИдТовара, т.НазваниеТовара
    ORDER BY TotalQuantitySold DESC;
END;
GO
/****** Object:  StoredProcedure [dbo].[ПроцедураОтчетаПоПродажам]    Script Date: 19.03.2025 20:46:41 ******/
SET ANSI_NULLS ON
GO
SET QUOTED_IDENTIFIER ON
GO

-- Обновление процедуры отчета по продажам за период
CREATE   PROCEDURE [dbo].[ПроцедураОтчетаПоПродажам]
    @ДатаНачала DATETIME,
    @ДатаКонца DATETIME
AS
BEGIN
    SELECT 
        CAST(з.ДатаЗаказа AS DATE) AS Date,
        COUNT(DISTINCT з.ИдЗаказа) AS OrderCount,
        SUM(з.СуммаЗаказа) AS TotalSales,
        CAST(AVG(з.СуммаЗаказа) AS DECIMAL(10,2)) AS AverageOrderValue
    FROM Заказы з
    WHERE з.ДатаЗаказа BETWEEN @ДатаНачала AND @ДатаКонца
    AND з.Статус = 'Завершен'
    GROUP BY CAST(з.ДатаЗаказа AS DATE)
    ORDER BY Date;
END;
GO
/****** Object:  StoredProcedure [dbo].[ПроцедураПолученияВсехЗаказов]    Script Date: 19.03.2025 20:46:41 ******/
SET ANSI_NULLS ON
GO
SET QUOTED_IDENTIFIER ON
GO

-- Обновление процедуры получения всех заказов для соответствия с репозиторием
CREATE PROCEDURE [dbo].[ПроцедураПолученияВсехЗаказов]
AS
BEGIN
    SELECT 
        з.ИдЗаказа AS Id,
        з.ИдКлиента AS ClientId,
        з.ИдСотрудника AS EmployeeId,
        з.ДатаЗаказа AS OrderDate,
        з.СуммаЗаказа AS TotalAmount,
        CASE з.Статус
            WHEN 'Новый' THEN 0
            WHEN 'ВОбработке' THEN 1
            WHEN 'Завершен' THEN 2
            WHEN 'Отменен' THEN 3
        END AS Status
    FROM Заказы з;
END;
GO
/****** Object:  StoredProcedure [dbo].[ПроцедураПолученияВсехКлиентов]    Script Date: 19.03.2025 20:46:41 ******/
SET ANSI_NULLS ON
GO
SET QUOTED_IDENTIFIER ON
GO

-- Обновление процедуры получения всех клиентов
CREATE PROCEDURE [dbo].[ПроцедураПолученияВсехКлиентов]
AS
BEGIN
    SELECT 
        к.ИдКлиента AS Id,
        к.ИдПользователя AS UserId,
        к.Имя AS FirstName,
        к.Фамилия AS LastName,
        к.Телефон AS Phone,
        к.Почта AS Email,
        к.ДатаРегистрации AS RegistrationDate,
        п.Логин AS Login,
        п.ХешПароля AS PasswordHash
    FROM Клиенты к
    INNER JOIN Пользователи п ON к.ИдПользователя = п.ИдПользователя;
END;
GO
/****** Object:  StoredProcedure [dbo].[ПроцедураПолученияВсехСотрудников]    Script Date: 19.03.2025 20:46:41 ******/
SET ANSI_NULLS ON
GO
SET QUOTED_IDENTIFIER ON
GO

-- Процедура получения всех сотрудников
CREATE PROCEDURE [dbo].[ПроцедураПолученияВсехСотрудников]
AS
BEGIN
    SELECT 
        с.ИдСотрудника AS Id,
        с.ИдПользователя AS UserId,
        с.Имя AS FirstName,
        с.Фамилия AS LastName,
        с.Должность AS Position,
        с.ДатаПриема AS RegistrationDate,
        с.Телефон AS Phone,
        с.Почта AS Email,
        п.Логин AS Login,
        п.ХешПароля AS PasswordHash
    FROM Сотрудники с
    INNER JOIN Пользователи п ON с.ИдПользователя = п.ИдПользователя;
END;
GO
/****** Object:  StoredProcedure [dbo].[ПроцедураПолученияВсехТоваров]    Script Date: 19.03.2025 20:46:41 ******/
SET ANSI_NULLS ON
GO
SET QUOTED_IDENTIFIER ON
GO

-- Обновление процедуры получения всех товаров
CREATE PROCEDURE [dbo].[ПроцедураПолученияВсехТоваров]
AS
BEGIN
    SELECT 
        т.ИдТовара AS Id,
        т.НазваниеТовара AS Name,
        т.Описание AS Description,
        т.Цена AS Price,
        т.КоличествоНаСкладе AS StockQuantity,
        т.ИдКатегории AS CategoryId
    FROM Товары т;
END;
GO
/****** Object:  StoredProcedure [dbo].[ПроцедураПолученияДеталейЗаказа]    Script Date: 19.03.2025 20:46:41 ******/
SET ANSI_NULLS ON
GO
SET QUOTED_IDENTIFIER ON
GO

-- Новая процедура для получения детальной информации о заказе в JSON формате
CREATE PROCEDURE [dbo].[ПроцедураПолученияДеталейЗаказа]
    @ИдЗаказа INT
AS
BEGIN
    SELECT (
        SELECT 
            з.ИдЗаказа,
            з.ДатаЗаказа,
            з.СуммаЗаказа,
            з.Статус,
            JSON_QUERY((
                SELECT 
                    к.ИдКлиента,
                    к.Имя,
                    к.Фамилия,
                    к.Телефон,
                    к.Почта
                FROM Клиенты к
                WHERE к.ИдКлиента = з.ИдКлиента
                FOR JSON PATH, WITHOUT_ARRAY_WRAPPER
            )) AS Клиент,
            JSON_QUERY((
                SELECT 
                    с.ИдСотрудника,
                    с.Имя,
                    с.Фамилия,
                    с.Должность
                FROM Сотрудники с
                WHERE с.ИдСотрудника = з.ИдСотрудника
                FOR JSON PATH, WITHOUT_ARRAY_WRAPPER
            )) AS Сотрудник,
            JSON_QUERY((
                SELECT 
                    пз.ИдПозиции,
                    т.НазваниеТовара,
                    пз.Количество,
                    пз.ЦенаЗаЕдиницу,
                    (пз.Количество * пз.ЦенаЗаЕдиницу) AS Сумма
                FROM ПозицииЗаказа пз
                JOIN Товары т ON т.ИдТовара = пз.ИдТовара
                WHERE пз.ИдЗаказа = з.ИдЗаказа
                FOR JSON PATH
            )) AS Позиции
        FROM Заказы з
        WHERE з.ИдЗаказа = @ИдЗаказа
        FOR JSON PATH, WITHOUT_ARRAY_WRAPPER
    ) AS ДанныеЗаказа;
END;
GO
/****** Object:  StoredProcedure [dbo].[ПроцедураПолученияЗаказа]    Script Date: 19.03.2025 20:46:41 ******/
SET ANSI_NULLS ON
GO
SET QUOTED_IDENTIFIER ON
GO

-- Обновление процедуры получения заказа для соответствия с репозиторием
CREATE PROCEDURE [dbo].[ПроцедураПолученияЗаказа]
    @ИдЗаказа INT
AS
BEGIN
    SELECT 
        з.ИдЗаказа AS Id,
        з.ИдКлиента AS ClientId,
        з.ИдСотрудника AS EmployeeId,
        з.ДатаЗаказа AS OrderDate,
        з.СуммаЗаказа AS TotalAmount,
        CASE з.Статус
            WHEN 'Новый' THEN 0
            WHEN 'ВОбработке' THEN 1
            WHEN 'Завершен' THEN 2
            WHEN 'Отменен' THEN 3
        END AS Status
    FROM Заказы з
    WHERE з.ИдЗаказа = @ИдЗаказа;
END;
GO
/****** Object:  StoredProcedure [dbo].[ПроцедураПолученияЗаказовКлиента]    Script Date: 19.03.2025 20:46:41 ******/
SET ANSI_NULLS ON
GO
SET QUOTED_IDENTIFIER ON
GO

-- Обновление процедуры получения заказов клиента для соответствия с репозиторием
CREATE PROCEDURE [dbo].[ПроцедураПолученияЗаказовКлиента]
    @ИдКлиента INT
AS
BEGIN
    SELECT 
        з.ИдЗаказа AS Id,
        з.ИдКлиента AS ClientId,
        з.ИдСотрудника AS EmployeeId,
        з.ДатаЗаказа AS OrderDate,
        з.СуммаЗаказа AS TotalAmount,
        CASE з.Статус
            WHEN 'Новый' THEN 0
            WHEN 'ВОбработке' THEN 1
            WHEN 'Завершен' THEN 2
            WHEN 'Отменен' THEN 3
        END AS Status
    FROM Заказы з
    WHERE з.ИдКлиента = @ИдКлиента;
END;
GO
/****** Object:  StoredProcedure [dbo].[ПроцедураПолученияЗаказовСотрудника]    Script Date: 19.03.2025 20:46:41 ******/
SET ANSI_NULLS ON
GO
SET QUOTED_IDENTIFIER ON
GO

-- Обновление процедуры получения заказов сотрудника для соответствия с репозиторием
CREATE PROCEDURE [dbo].[ПроцедураПолученияЗаказовСотрудника]
    @ИдСотрудника INT
AS
BEGIN
    SELECT 
        з.ИдЗаказа AS Id,
        з.ИдКлиента AS ClientId,
        з.ИдСотрудника AS EmployeeId,
        з.ДатаЗаказа AS OrderDate,
        з.СуммаЗаказа AS TotalAmount,
        CASE з.Статус
            WHEN 'Новый' THEN 0
            WHEN 'ВОбработке' THEN 1
            WHEN 'Завершен' THEN 2
            WHEN 'Отменен' THEN 3
        END AS Status
    FROM Заказы з
    WHERE з.ИдСотрудника = @ИдСотрудника;
END;
GO
/****** Object:  StoredProcedure [dbo].[ПроцедураПолученияИсторииЗаказовКлиента]    Script Date: 19.03.2025 20:46:41 ******/
SET ANSI_NULLS ON
GO
SET QUOTED_IDENTIFIER ON
GO

-- =============================================
-- Отчеты
-- =============================================

CREATE PROCEDURE [dbo].[ПроцедураПолученияИсторииЗаказовКлиента]
    @ИдКлиента INT
AS
BEGIN
    SELECT 
        з.ИдЗаказа,
        з.ДатаЗаказа,
        з.СуммаЗаказа,
        з.Статус,
        COUNT(пз.ИдПозиции) AS КоличествоПозиций
    FROM Заказы з
    LEFT JOIN ПозицииЗаказа пз ON пз.ИдЗаказа = з.ИдЗаказа
    WHERE з.ИдКлиента = @ИдКлиента
    GROUP BY з.ИдЗаказа, з.ДатаЗаказа, з.СуммаЗаказа, з.Статус
    ORDER BY з.ДатаЗаказа DESC;
END;
GO
/****** Object:  StoredProcedure [dbo].[ПроцедураПолученияКаталогаТоваров]    Script Date: 19.03.2025 20:46:41 ******/
SET ANSI_NULLS ON
GO
SET QUOTED_IDENTIFIER ON
GO

-- =============================================
-- Управление товарами и категориями
-- =============================================

CREATE PROCEDURE [dbo].[ПроцедураПолученияКаталогаТоваров]
    @ИдКатегории INT = NULL
AS
BEGIN
    SELECT 
        т.ИдТовара,
        т.НазваниеТовара,
        т.Описание,
        т.Цена,
        т.КоличествоНаСкладе,
        к.НазваниеКатегории
    FROM Товары т
    JOIN КатегорииТоваров к ON к.ИдКатегории = т.ИдКатегории
    WHERE (@ИдКатегории IS NULL OR т.ИдКатегории = @ИдКатегории);
END;
GO
/****** Object:  StoredProcedure [dbo].[ПроцедураПолученияКлиента]    Script Date: 19.03.2025 20:46:41 ******/
SET ANSI_NULLS ON
GO
SET QUOTED_IDENTIFIER ON
GO
-- Обновление процедуры получения клиента
CREATE PROCEDURE [dbo].[ПроцедураПолученияКлиента]
    @ИдКлиента INT
AS
BEGIN
    SELECT 
        к.ИдКлиента AS Id,
        к.ИдПользователя AS UserId,
        к.Имя AS FirstName,
        к.Фамилия AS LastName,
        к.Телефон AS Phone,
        к.Почта AS Email,
        к.ДатаРегистрации AS RegistrationDate,
        п.Логин AS Login,
        п.ХешПароля AS PasswordHash
    FROM Клиенты к
    INNER JOIN Пользователи п ON к.ИдПользователя = п.ИдПользователя
    WHERE к.ИдКлиента = @ИдКлиента;
END;
GO
/****** Object:  StoredProcedure [dbo].[ПроцедураПолученияПозицийЗаказа]    Script Date: 19.03.2025 20:46:41 ******/
SET ANSI_NULLS ON
GO
SET QUOTED_IDENTIFIER ON
GO

-- Процедура получения позиций заказа
CREATE   PROCEDURE [dbo].[ПроцедураПолученияПозицийЗаказа]
    @ИдЗаказа INT
AS
BEGIN
    SELECT 
        пз.ИдПозиции AS Id,
        пз.ИдЗаказа AS OrderId,
        пз.ИдТовара AS ProductId,
        пз.Количество AS Quantity,
        пз.ЦенаЗаЕдиницу AS UnitPrice
    FROM ПозицииЗаказа пз
    WHERE пз.ИдЗаказа = @ИдЗаказа;
END;
GO
/****** Object:  StoredProcedure [dbo].[ПроцедураПолученияСотрудника]    Script Date: 19.03.2025 20:46:41 ******/
SET ANSI_NULLS ON
GO
SET QUOTED_IDENTIFIER ON
GO
-- Процедура получения сотрудника по ID
CREATE PROCEDURE [dbo].[ПроцедураПолученияСотрудника]
    @ИдСотрудника INT
AS
BEGIN
    SELECT 
        с.ИдСотрудника AS Id,
        с.ИдПользователя AS UserId,
        с.Имя AS FirstName,
        с.Фамилия AS LastName,
        с.Должность AS Position,
        с.ДатаПриема AS RegistrationDate,
        с.Телефон AS Phone,
        с.Почта AS Email,
        п.Логин AS Login,
        п.ХешПароля AS PasswordHash
    FROM Сотрудники с
    INNER JOIN Пользователи п ON с.ИдПользователя = п.ИдПользователя
    WHERE с.ИдСотрудника = @ИдСотрудника;
END;
GO
/****** Object:  StoredProcedure [dbo].[ПроцедураПолученияТовара]    Script Date: 19.03.2025 20:46:41 ******/
SET ANSI_NULLS ON
GO
SET QUOTED_IDENTIFIER ON
GO

-- Обновление процедуры получения товара
CREATE PROCEDURE [dbo].[ПроцедураПолученияТовара]
    @ИдТовара INT
AS
BEGIN
    SELECT 
        т.ИдТовара AS Id,
        т.НазваниеТовара AS Name,
        т.Описание AS Description,
        т.Цена AS Price,
        т.КоличествоНаСкладе AS StockQuantity,
        т.ИдКатегории AS CategoryId
    FROM Товары т
    WHERE т.ИдТовара = @ИдТовара;
END;
GO
/****** Object:  StoredProcedure [dbo].[ПроцедураПолученияТоваровПоКатегории]    Script Date: 19.03.2025 20:46:41 ******/
SET ANSI_NULLS ON
GO
SET QUOTED_IDENTIFIER ON
GO

-- Обновление процедуры получения товаров по категории
CREATE PROCEDURE [dbo].[ПроцедураПолученияТоваровПоКатегории]
    @ИдКатегории INT
AS
BEGIN
    SELECT 
        т.ИдТовара AS Id,
        т.НазваниеТовара AS Name,
        т.Описание AS Description,
        т.Цена AS Price,
        т.КоличествоНаСкладе AS StockQuantity,
        т.ИдКатегории AS CategoryId
    FROM Товары т
    WHERE т.ИдКатегории = @ИдКатегории;
END;
GO
/****** Object:  StoredProcedure [dbo].[ПроцедураРегистрацииКлиента]    Script Date: 19.03.2025 20:46:41 ******/
SET ANSI_NULLS ON
GO
SET QUOTED_IDENTIFIER ON
GO

-- Обновление процедуры регистрации клиента
CREATE PROCEDURE [dbo].[ПроцедураРегистрацииКлиента]
    @Логин NVARCHAR(50),
    @ХешПароля NVARCHAR(255),
    @Имя NVARCHAR(50),
    @Фамилия NVARCHAR(50),
    @Телефон NVARCHAR(20),
    @Почта NVARCHAR(100)
AS
BEGIN
    BEGIN TRANSACTION;
    BEGIN TRY
        -- Проверка существования логина
        IF EXISTS (SELECT 1 FROM Пользователи WHERE Логин = @Логин)
        BEGIN
            THROW 50001, 'Пользователь с таким логином уже существует', 1;
        END

        -- Создание записи пользователя
        INSERT INTO Пользователи (Логин, ХешПароля, ТипПользователя, Активен)
        VALUES (@Логин, @ХешПароля, 'Клиент', 1);

        DECLARE @ИдПользователя INT = SCOPE_IDENTITY();

        -- Создание записи клиента
        INSERT INTO Клиенты (ИдПользователя, Имя, Фамилия, Телефон, Почта, ДатаРегистрации)
        VALUES (@ИдПользователя, @Имя, @Фамилия, @Телефон, @Почта, GETDATE());

        DECLARE @ИдКлиента INT = SCOPE_IDENTITY();

        -- Возвращаем созданного клиента
        SELECT 
            к.ИдКлиента AS Id,
			к.ИдПользователя AS UserId,
            к.Имя AS FirstName,
            к.Фамилия AS LastName,
            к.Телефон AS Phone,
            к.Почта AS Email,
            к.ДатаРегистрации AS RegistrationDate,
            п.Логин AS Login,
            п.ХешПароля AS PasswordHash
        FROM Клиенты к
        INNER JOIN Пользователи п ON к.ИдПользователя = п.ИдПользователя
        WHERE к.ИдКлиента = @ИдКлиента;

        COMMIT;
    END TRY
    BEGIN CATCH
        ROLLBACK;
        THROW;
    END CATCH
END;
GO
/****** Object:  StoredProcedure [dbo].[ПроцедураРегистрацииСотрудника]    Script Date: 19.03.2025 20:46:41 ******/
SET ANSI_NULLS ON
GO
SET QUOTED_IDENTIFIER ON
GO

-- Процедура регистрации сотрудника
CREATE PROCEDURE [dbo].[ПроцедураРегистрацииСотрудника]
    @Логин NVARCHAR(50),
    @ХешПароля NVARCHAR(255),
    @Имя NVARCHAR(50),
    @Фамилия NVARCHAR(50),
    @Телефон NVARCHAR(20),
    @Почта NVARCHAR(100),
    @Должность NVARCHAR(100)
AS
BEGIN
    BEGIN TRANSACTION;
    BEGIN TRY
        -- Проверка существования логина
        IF EXISTS (SELECT 1 FROM Пользователи WHERE Логин = @Логин)
        BEGIN
            THROW 50001, 'Пользователь с таким логином уже существует', 1;
        END

        -- Создание записи пользователя
        INSERT INTO Пользователи (Логин, ХешПароля, ТипПользователя, Активен)
        VALUES (@Логин, @ХешПароля, 'Сотрудник', 1);

        DECLARE @ИдПользователя INT = SCOPE_IDENTITY();

        -- Создание записи сотрудника
        INSERT INTO Сотрудники (ИдПользователя, Имя, Фамилия, Должность, Телефон, Почта, ДатаПриема)
        VALUES (@ИдПользователя, @Имя, @Фамилия, @Должность, @Телефон, @Почта, GETDATE());

        DECLARE @ИдСотрудника INT = SCOPE_IDENTITY();

        -- Возвращаем созданного сотрудника
        SELECT 
            с.ИдСотрудника AS Id,
            с.ИдПользователя AS UserId,
            с.Имя AS FirstName,
            с.Фамилия AS LastName,
            с.Должность AS Position,
            с.Телефон AS Phone,
            с.Почта AS Email,
            с.ДатаПриема AS RegistrationDate,
            п.Логин AS Login,
            п.ХешПароля AS PasswordHash
        FROM Сотрудники с
        INNER JOIN Пользователи п ON с.ИдПользователя = п.ИдПользователя
        WHERE с.ИдСотрудника = @ИдСотрудника;

        COMMIT;
    END TRY
    BEGIN CATCH
        ROLLBACK;
        THROW;
    END CATCH
END;
GO
/****** Object:  StoredProcedure [dbo].[ПроцедураСозданияЗаказа]    Script Date: 19.03.2025 20:46:41 ******/
SET ANSI_NULLS ON
GO
SET QUOTED_IDENTIFIER ON
GO
-- Обновление процедуры создания заказа
CREATE   PROCEDURE [dbo].[ПроцедураСозданияЗаказа]
    @ИдКлиента INT,
    @ИдСотрудника INT,
    @ДатаЗаказа DATETIME,
    @СуммаЗаказа DECIMAL(10,2),
    @Статус INT
AS
BEGIN
    DECLARE @СтатусТекст NVARCHAR(20);
    
    SET @СтатусТекст = CASE @Статус
        WHEN 0 THEN 'Новый'
        WHEN 1 THEN 'ВОбработке'
        WHEN 2 THEN 'Завершен'
        WHEN 3 THEN 'Отменен'
    END;
    
    INSERT INTO Заказы (ИдКлиента, ИдСотрудника, ДатаЗаказа, СуммаЗаказа, Статус)
    VALUES (@ИдКлиента, @ИдСотрудника, @ДатаЗаказа, @СуммаЗаказа, @СтатусТекст);
    
    SELECT 
        з.ИдЗаказа AS Id,
        з.ИдКлиента AS ClientId,
        з.ИдСотрудника AS EmployeeId,
        з.ДатаЗаказа AS OrderDate,
        з.СуммаЗаказа AS TotalAmount,
        CASE з.Статус
            WHEN 'Новый' THEN 0
            WHEN 'ВОбработке' THEN 1
            WHEN 'Завершен' THEN 2
            WHEN 'Отменен' THEN 3
        END AS Status
    FROM Заказы з
    WHERE з.ИдЗаказа = SCOPE_IDENTITY();
END;
GO
/****** Object:  StoredProcedure [dbo].[ПроцедураСозданияСотрудника]    Script Date: 19.03.2025 20:46:41 ******/
SET ANSI_NULLS ON
GO
SET QUOTED_IDENTIFIER ON
GO

-- Процедура создания сотрудника
CREATE PROCEDURE [dbo].[ПроцедураСозданияСотрудника]
    @Логин NVARCHAR(50),
    @ХешПароля NVARCHAR(255),
    @Имя NVARCHAR(50),
    @Фамилия NVARCHAR(50),
    @Должность NVARCHAR(100),
    @Телефон NVARCHAR(20),
    @Почта NVARCHAR(100)
AS
BEGIN
    BEGIN TRANSACTION;
    BEGIN TRY
        -- Проверка существования логина
        IF EXISTS (SELECT 1 FROM Пользователи WHERE Логин = @Логин)
        BEGIN
            THROW 50001, 'Пользователь с таким логином уже существует', 1;
        END

        -- Создание записи пользователя
        INSERT INTO Пользователи (Логин, ХешПароля, ТипПользователя, Активен)
        VALUES (@Логин, @ХешПароля, 'Сотрудник', 1);

        DECLARE @ИдПользователя INT = SCOPE_IDENTITY();

        -- Создание записи сотрудника
        INSERT INTO Сотрудники (ИдПользователя, Имя, Фамилия, Должность, ДатаПриема, Телефон, Почта)
        VALUES (@ИдПользователя, @Имя, @Фамилия, @Должность, GETDATE(), @Телефон, @Почта);

        DECLARE @ИдСотрудника INT = SCOPE_IDENTITY();

        -- Возвращаем созданного сотрудника
        SELECT 
            с.ИдСотрудника AS Id,
            с.ИдПользователя AS UserId,
            с.Имя AS FirstName,
            с.Фамилия AS LastName,
            с.Должность AS Position,
            с.ДатаПриема AS RegistrationDate,
            с.Телефон AS Phone,
            с.Почта AS Email,
            п.Логин AS Login,
            п.ХешПароля AS PasswordHash
        FROM Сотрудники с
        INNER JOIN Пользователи п ON с.ИдПользователя = п.ИдПользователя
        WHERE с.ИдСотрудника = @ИдСотрудника;

        COMMIT;
    END TRY
    BEGIN CATCH
        ROLLBACK;
        THROW;
    END CATCH
END;
GO
/****** Object:  StoredProcedure [dbo].[ПроцедураСозданияТовара]    Script Date: 19.03.2025 20:46:41 ******/
SET ANSI_NULLS ON
GO
SET QUOTED_IDENTIFIER ON
GO

-- Обновление процедуры создания товара
CREATE   PROCEDURE [dbo].[ПроцедураСозданияТовара]
    @НазваниеТовара NVARCHAR(200),
    @Описание NVARCHAR(MAX),
    @Цена DECIMAL(10,2),
    @КоличествоНаСкладе INT,
    @ИдКатегории INT
AS
BEGIN
    INSERT INTO Товары (НазваниеТовара, Описание, Цена, КоличествоНаСкладе, ИдКатегории)
    VALUES (@НазваниеТовара, @Описание, @Цена, @КоличествоНаСкладе, @ИдКатегории);
    
    SELECT 
        т.ИдТовара AS Id,
        т.НазваниеТовара AS Name,
        т.Описание AS Description,
        т.Цена AS Price,
        т.КоличествоНаСкладе AS StockQuantity,
        т.ИдКатегории AS CategoryId
    FROM Товары т
    WHERE т.ИдТовара = SCOPE_IDENTITY();
END;
GO
/****** Object:  StoredProcedure [dbo].[ПроцедураУдаленияКлиента]    Script Date: 19.03.2025 20:46:41 ******/
SET ANSI_NULLS ON
GO
SET QUOTED_IDENTIFIER ON
GO

-- Обновление процедуры удаления клиента
CREATE PROCEDURE [dbo].[ПроцедураУдаленияКлиента]
    @ИдКлиента INT
AS
BEGIN
    BEGIN TRANSACTION;
    BEGIN TRY
        DECLARE @ИдПользователя INT;
        SELECT @ИдПользователя = ИдПользователя FROM Клиенты WHERE ИдКлиента = @ИдКлиента;

        DELETE FROM Клиенты WHERE ИдКлиента = @ИдКлиента;
        DELETE FROM Пользователи WHERE ИдПользователя = @ИдПользователя;

        COMMIT;
    END TRY
    BEGIN CATCH
        ROLLBACK;
        THROW;
    END CATCH
END;
GO
/****** Object:  StoredProcedure [dbo].[ПроцедураУдаленияПозицииЗаказа]    Script Date: 19.03.2025 20:46:41 ******/
SET ANSI_NULLS ON
GO
SET QUOTED_IDENTIFIER ON
GO

-- Процедура удаления позиции заказа
CREATE   PROCEDURE [dbo].[ПроцедураУдаленияПозицииЗаказа]
    @ИдПозиции INT
AS
BEGIN
    DELETE FROM ПозицииЗаказа WHERE ИдПозиции = @ИдПозиции;
END;
GO
/****** Object:  StoredProcedure [dbo].[ПроцедураУдаленияСотрудника]    Script Date: 19.03.2025 20:46:41 ******/
SET ANSI_NULLS ON
GO
SET QUOTED_IDENTIFIER ON
GO

-- Процедура удаления сотрудника
CREATE PROCEDURE [dbo].[ПроцедураУдаленияСотрудника]
    @ИдСотрудника INT
AS
BEGIN
    BEGIN TRANSACTION;
    BEGIN TRY
        DECLARE @ИдПользователя INT;
        SELECT @ИдПользователя = ИдПользователя FROM Сотрудники WHERE ИдСотрудника = @ИдСотрудника;

        DELETE FROM Сотрудники WHERE ИдСотрудника = @ИдСотрудника;
        DELETE FROM Пользователи WHERE ИдПользователя = @ИдПользователя;

        COMMIT;
    END TRY
    BEGIN CATCH
        ROLLBACK;
        THROW;
    END CATCH
END;
GO
/****** Object:  StoredProcedure [dbo].[ПроцедураУдаленияТовара]    Script Date: 19.03.2025 20:46:41 ******/
SET ANSI_NULLS ON
GO
SET QUOTED_IDENTIFIER ON
GO

-- Обновление процедуры удаления товара
CREATE PROCEDURE [dbo].[ПроцедураУдаленияТовара]
    @ИдТовара INT
AS
BEGIN
    DELETE FROM Товары
    WHERE ИдТовара = @ИдТовара;
END;
GO
